id,kind,group,task,seed,cfg,steps,resolution,preprocess,status,validation_passed,wall_seconds,peak_allocated_gib,peak_reserved_gib,peak_nvml_gib,step_p50_seconds,step_p95_seconds,adapter_parameters,action,identity,clothing,background,anatomy,added_person,missing_person,wrong_person,reviewer,note
ADAPTER_INFER_1024_D0,adapter_infer,adapter_infer,D0,42,4.5,35,1024,letterbox,PASS,,48.75252806209028,17.224506855010986,18.189453125,19.35211181640625,,,,,,,,,,,,,
ADAPTER_INFER_1024_S0,adapter_infer,adapter_infer,S0,42,4.5,35,1024,letterbox,PASS,,49.15141387004405,17.224506855010986,18.189453125,19.35211181640625,,,,,,,,,,,,,
ADAPTER_INFER_512_D0,adapter_infer,adapter_infer,D0,42,4.5,35,512,letterbox,PASS,,21.285201787017286,14.201069355010986,14.798828125,15.96148681640625,,,,,,,,,,,,,
ADAPTER_INFER_512_S0,adapter_infer,adapter_infer,S0,42,4.5,35,512,letterbox,PASS,,21.28971134405583,14.201069355010986,14.798828125,15.96148681640625,,,,,,,,,,,,,
ADAPTER_INFER_768_D0,adapter_infer,adapter_infer,D0,42,4.5,35,768,letterbox,PASS,,29.996190048987046,15.460834980010986,16.2578125,17.42047119140625,,,,,,,,,,,,,
ADAPTER_INFER_768_S0,adapter_infer,adapter_infer,S0,42,4.5,35,768,letterbox,PASS,,30.007639263989404,15.460834980010986,16.2578125,17.42047119140625,,,,,,,,,,,,,
CACHE_1024_D0_8a671c3c47,cache,cache,D0,1701,,,1024,letterbox,PASS,,15.705955540994182,14.472139358520508,15.576171875,16.73883056640625,,,,,,,,,,,,,
CACHE_1024_S0_000719680b,cache,cache,S0,1701,,,1024,letterbox,PASS,,15.460776526946574,14.472475051879883,15.576171875,16.73883056640625,,,,,,,,,,,,,
CACHE_512_D0_63919f1449,cache,cache,D0,1701,,,512,letterbox,PASS,,14.779564780998044,13.190176963806152,13.72265625,14.88531494140625,,,,,,,,,,,,,
CACHE_512_S0_af269b4bea,cache,cache,S0,1701,,,512,letterbox,PASS,,14.846532687079161,13.190291404724121,13.72265625,14.88531494140625,,,,,,,,,,,,,
CACHE_768_D0_e2db68f9a0,cache,cache,D0,1701,,,768,letterbox,PASS,,16.202984606963582,13.716733932495117,14.517578125,15.68023681640625,,,,,,,,,,,,,
CACHE_768_S0_d9dc5936c3,cache,cache,S0,1701,,,768,letterbox,PASS,,15.436731363995932,13.717100143432617,14.517578125,15.68023681640625,,,,,,,,,,,,,
Q0_D0_1024_letterbox_35_4.5,quality,Q0,D0,1024,4.5,35,512,letterbox,PASS,,21.436918406980112,13.513941287994385,14.126953125,15.28961181640625,,,,1,1,1,1,1,False,False,False,Codex visual review; not a human benchmark,主要人物及室内布局大致保留，但面部、格纹线条和局部姿态明显重绘；不是严格保持原图。
Q0_D0_1024_stretch_35_4.5,quality,Q0,D0,1024,4.5,35,512,stretch,PASS,,20.885229117935523,13.513941287994385,14.126953125,15.28961181640625,,,,1,1,1,1,1,False,False,False,Codex visual review; not a human benchmark,主要人物及室内布局大致保留，但面部、格纹线条和局部姿态明显重绘；不是严格保持原图。
Q0_D0_42_letterbox_35_4.5,quality,Q0,D0,42,4.5,35,512,letterbox,PASS,,19.52785352396313,13.513941287994385,14.126953125,15.28961181640625,,,,1,1,1,1,1,False,False,False,Codex visual review; not a human benchmark,主要人物及室内布局大致保留，但面部、格纹线条和局部姿态明显重绘；不是严格保持原图。
Q0_D0_42_stretch_35_4.5,quality,Q0,D0,42,4.5,35,512,stretch,PASS,,19.555294770980254,13.513941287994385,14.126953125,15.28961181640625,,,,1,1,1,1,1,False,False,False,Codex visual review; not a human benchmark,主要人物及室内布局大致保留，但面部、格纹线条和局部姿态明显重绘；不是严格保持原图。
Q0_D1_1024_letterbox_35_4.5,quality,Q0,D1,1024,4.5,35,512,letterbox,PASS,,19.481296273996122,13.51731538772583,14.126953125,15.28961181640625,,,,1,0,1,1,1,True,False,True,Codex visual review; not a human benchmark,新增站立浅色上衣人物，原坐姿男子仍可见，未让指定人物起身交互。
Q0_D1_1024_stretch_35_4.5,quality,Q0,D1,1024,4.5,35,512,stretch,PASS,,21.47405224700924,13.51731538772583,14.126953125,15.28961181640625,,,,1,0,1,1,1,True,False,True,Codex visual review; not a human benchmark,生成了交互动作，但原坐姿男子仍存在，同时新增站立交互对象；不算指定人物交互成功。
Q0_D1_42_letterbox_35_4.5,quality,Q0,D1,42,4.5,35,512,letterbox,PASS,,20.849786192993633,13.51731538772583,14.126953125,15.28961181640625,,,,1,0,1,1,1,True,False,True,Codex visual review; not a human benchmark,原浅色图案上衣男子仍坐在左侧，新增另一浅色上衣男子握手；人物对应失败。
Q0_D1_42_stretch_35_4.5,quality,Q0,D1,42,4.5,35,512,stretch,PASS,,19.83076711394824,13.51731538772583,14.126953125,15.28961181640625,,,,1,0,1,1,1,True,False,True,Codex visual review; not a human benchmark,生成了交互动作，但原坐姿男子仍存在，同时新增站立交互对象；不算指定人物交互成功。
Q0_D2_1024_letterbox_35_4.5,quality,Q0,D2,1024,4.5,35,512,letterbox,PASS,,20.857389651006088,13.516796588897705,14.126953125,15.28961181640625,,,,1,0,0,1,1,False,False,False,Codex visual review; not a human benchmark,未观察到明确重复坐姿男子，但站立浅色上衣人物的面部、上衣图案和短裤均未保持，搭肩方向也不清楚；仅部分动作完成。
Q0_D2_1024_stretch_35_4.5,quality,Q0,D2,1024,4.5,35,512,stretch,PASS,,19.80311059206724,13.516796588897705,14.126953125,15.28961181640625,,,,1,0,1,1,1,True,False,True,Codex visual review; not a human benchmark,生成了交互动作，但原坐姿男子仍存在，同时新增站立交互对象；不算指定人物交互成功。
Q0_D2_42_letterbox_35_4.5,quality,Q0,D2,42,4.5,35,512,letterbox,PASS,,21.416461983928457,13.516796588897705,14.126953125,15.28961181640625,,,,1,0,1,1,1,True,False,True,Codex visual review; not a human benchmark,生成了交互动作，但原坐姿男子仍存在，同时新增站立交互对象；不算指定人物交互成功。
Q0_D2_42_stretch_35_4.5,quality,Q0,D2,42,4.5,35,512,stretch,PASS,,20.873366596060805,13.516796588897705,14.126953125,15.28961181640625,,,,1,0,1,1,1,True,False,True,Codex visual review; not a human benchmark,生成了交互动作，但原坐姿男子仍存在，同时新增站立交互对象；不算指定人物交互成功。
Q0_S0_1024_letterbox_35_4.5,quality,Q0,S0,1024,4.5,35,512,letterbox,PASS,,19.70400918798987,13.513941287994385,14.126953125,15.28961181640625,,,,1,,1,1,1,False,False,False,Codex visual review; not a human benchmark,保持不变任务仍改变屈膝程度、衣物细节与雪具；补边版本还生成了原灰色边界的内容。面部被墨镜遮挡，不确认身份。
Q0_S0_1024_stretch_35_4.5,quality,Q0,S0,1024,4.5,35,512,stretch,PASS,,19.675197553006,13.513941287994385,14.126953125,15.28961181640625,,,,1,,1,2,1,False,False,False,Codex visual review; not a human benchmark,保持不变任务仍改变屈膝程度、衣物细节与雪具；补边版本还生成了原灰色边界的内容。面部被墨镜遮挡，不确认身份。
Q0_S0_42_letterbox_35_4.5,quality,Q0,S0,42,4.5,35,512,letterbox,PASS,,19.505211560986936,13.513941287994385,14.126953125,15.28961181640625,,,,1,,1,1,1,False,False,False,Codex visual review; not a human benchmark,保持不变任务仍改变屈膝程度、衣物细节与雪具；补边版本还生成了原灰色边界的内容。面部被墨镜遮挡，不确认身份。
Q0_S0_42_stretch_35_4.5,quality,Q0,S0,42,4.5,35,512,stretch,PASS,,21.171309805009514,13.513941287994385,14.126953125,15.28961181640625,,,,1,,1,2,1,False,False,False,Codex visual review; not a human benchmark,保持不变任务仍改变屈膝程度、衣物细节与雪具；补边版本还生成了原灰色边界的内容。面部被墨镜遮挡，不确认身份。
Q0_S1_1024_letterbox_35_4.5,quality,Q0,S1,1024,4.5,35,512,letterbox,PASS,,19.43704043002799,13.513941287994385,14.126953125,15.28961181640625,,,,1,,1,2,1,False,False,False,Codex visual review; not a human benchmark,外套改蓝完成；部分白色拼接也被改蓝，超出了只修改红色面板的要求。墨镜保留，面部身份无法确认。
Q0_S1_1024_stretch_35_4.5,quality,Q0,S1,1024,4.5,35,512,stretch,PASS,,19.753544240957126,13.513941287994385,14.126953125,15.28961181640625,,,,1,,1,2,1,False,False,False,Codex visual review; not a human benchmark,外套改蓝完成；部分白色拼接也被改蓝，超出了只修改红色面板的要求。墨镜保留，面部身份无法确认。
Q0_S1_42_letterbox_35_4.5,quality,Q0,S1,42,4.5,35,512,letterbox,PASS,,19.53912610199768,13.513941287994385,14.126953125,15.28961181640625,,,,1,,1,2,1,False,False,False,Codex visual review; not a human benchmark,外套改蓝完成；部分白色拼接也被改蓝，超出了只修改红色面板的要求。墨镜保留，面部身份无法确认。
Q0_S1_42_stretch_35_4.5,quality,Q0,S1,42,4.5,35,512,stretch,PASS,,19.58176184108015,13.513941287994385,14.126953125,15.28961181640625,,,,2,,2,2,1,False,False,False,Codex visual review; not a human benchmark,外套改蓝完成；部分白色拼接也被改蓝，超出了只修改红色面板的要求。墨镜保留，面部身份无法确认。
Q0_S2_1024_letterbox_35_4.5,quality,Q0,S2,1024,4.5,35,512,letterbox,PASS,,19.50111797300633,13.513941287994385,14.126953125,15.28961181640625,,,,2,,2,2,1,False,False,False,Codex visual review; not a human benchmark,招手与配饰保持较好，雪具形状及脚下关系仍有变化；面部无法可靠判断身份。
Q0_S2_1024_stretch_35_4.5,quality,Q0,S2,1024,4.5,35,512,stretch,PASS,,19.56316901394166,13.513941287994385,14.126953125,15.28961181640625,,,,2,,2,2,1,False,False,False,Codex visual review; not a human benchmark,招手与墨镜/帽子保持较好；身体姿态和雪具仍有变化。面部身份无法可靠判断。
Q0_S2_42_letterbox_35_4.5,quality,Q0,S2,42,4.5,35,512,letterbox,PASS,,19.510210789041594,13.513941287994385,14.126953125,15.28961181640625,,,,2,,2,2,2,False,False,False,Codex visual review; not a human benchmark,招手动作完成，墨镜与帽子保留。面部较小且被遮挡，身份无法确认；滑雪杖发生变化。
Q0_S2_42_stretch_35_4.5,quality,Q0,S2,42,4.5,35,512,stretch,PASS,,19.828187083941884,13.513941287994385,14.126953125,15.28961181640625,,,,2,,2,2,1,False,False,False,Codex visual review; not a human benchmark,招手与墨镜/帽子保持较好；身体姿态和雪具仍有变化。面部身份无法可靠判断。
Q1_D1_1024_letterbox_35_4.5,quality,Q1,D1,1024,4.5,35,512,letterbox,PASS,,19.614806890953332,13.513941287994385,14.126953125,15.28961181640625,,,,1,0,1,1,1,True,False,True,Codex visual review; not a human benchmark,生成了交互动作，但原坐姿男子仍存在，同时新增站立交互对象；不算指定人物交互成功。
Q1_D1_42_letterbox_35_4.5,quality,Q1,D1,42,4.5,35,512,letterbox,PASS,,21.308874460984953,13.513941287994385,14.126953125,15.28961181640625,,,,1,0,1,1,1,True,False,True,Codex visual review; not a human benchmark,生成了交互动作，但原坐姿男子仍存在，同时新增站立交互对象；不算指定人物交互成功。
Q1_D2_1024_letterbox_35_4.5,quality,Q1,D2,1024,4.5,35,512,letterbox,PASS,,19.468259472982027,13.513941287994385,14.126953125,15.28961181640625,,,,1,0,0,1,1,True,False,True,Codex visual review; not a human benchmark,新增女性交互对象，原坐姿人物仍在；身份和交互对象未保持。
Q1_D2_42_letterbox_35_4.5,quality,Q1,D2,42,4.5,35,512,letterbox,PASS,,19.443275051075034,13.513941287994385,14.126953125,15.28961181640625,,,,1,0,0,1,1,True,False,True,Codex visual review; not a human benchmark,新增女性交互对象，原坐姿人物仍在；身份和交互对象未保持。
Q2_D1_1024_letterbox_35_2.5,quality,Q2,D1,1024,2.5,35,512,letterbox,PASS,,21.883712789043784,13.51731538772583,14.126953125,15.28961181640625,,,,1,0,1,1,1,True,False,True,Codex visual review; not a human benchmark,原浅色图案上衣男子仍坐在左侧，新增另一浅色上衣男子握手；人物对应失败。
Q2_D1_1024_letterbox_35_6.0,quality,Q2,D1,1024,6.0,35,512,letterbox,PASS,,19.761204309994355,13.51731538772583,14.126953125,15.28961181640625,,,,1,0,1,1,2,True,False,True,Codex visual review; not a human benchmark,两名站立人物握手的肢体接触较自然，但原坐姿浅色上衣男子仍在，新增了站立人物；指定对象编辑失败。
Q2_D1_1024_letterbox_50_2.5,quality,Q2,D1,1024,2.5,50,512,letterbox,PASS,,21.57021546107717,13.51731538772583,14.126953125,15.28961181640625,,,,1,0,1,1,1,True,False,True,Codex visual review; not a human benchmark,原浅色图案上衣男子仍坐在左侧，新增另一浅色上衣男子握手；人物对应失败。
Q2_D1_1024_letterbox_50_4.5,quality,Q2,D1,1024,4.5,50,512,letterbox,PASS,,21.792042916989885,13.51731538772583,14.126953125,15.28961181640625,,,,1,0,1,1,2,True,False,True,Codex visual review; not a human benchmark,两名站立人物握手的肢体接触较自然，但原坐姿浅色上衣男子仍在，新增了站立人物；指定对象编辑失败。
Q2_D1_1024_letterbox_50_6.0,quality,Q2,D1,1024,6.0,50,512,letterbox,PASS,,21.761726320022717,13.51731538772583,14.126953125,15.28961181640625,,,,1,0,1,1,2,True,False,True,Codex visual review; not a human benchmark,两名站立人物握手的肢体接触较自然，但原坐姿浅色上衣男子仍在，新增了站立人物；指定对象编辑失败。
Q2_D1_42_letterbox_35_2.5,quality,Q2,D1,42,2.5,35,512,letterbox,PASS,,20.773951245006174,13.51731538772583,14.126953125,15.28961181640625,,,,1,0,1,1,1,True,False,True,Codex visual review; not a human benchmark,原浅色图案上衣男子仍坐在左侧，新增另一浅色上衣男子握手；人物对应失败。
Q2_D1_42_letterbox_35_6.0,quality,Q2,D1,42,6.0,35,512,letterbox,PASS,,19.83075357193593,13.51731538772583,14.126953125,15.28961181640625,,,,1,0,1,1,2,True,False,True,Codex visual review; not a human benchmark,两名站立人物握手的肢体接触较自然，但原坐姿浅色上衣男子仍在，新增了站立人物；指定对象编辑失败。
Q2_D1_42_letterbox_50_2.5,quality,Q2,D1,42,2.5,50,512,letterbox,PASS,,21.57056447607465,13.51731538772583,14.126953125,15.28961181640625,,,,1,0,1,1,1,True,False,True,Codex visual review; not a human benchmark,原浅色图案上衣男子仍坐在左侧，新增另一浅色上衣男子握手；人物对应失败。
Q2_D1_42_letterbox_50_4.5,quality,Q2,D1,42,4.5,50,512,letterbox,PASS,,21.70360313600395,13.51731538772583,14.126953125,15.28961181640625,,,,1,0,1,1,2,True,False,True,Codex visual review; not a human benchmark,两名站立人物握手的肢体接触较自然，但原坐姿浅色上衣男子仍在，新增了站立人物；指定对象编辑失败。
Q2_D1_42_letterbox_50_6.0,quality,Q2,D1,42,6.0,50,512,letterbox,PASS,,21.818102555000223,13.51731538772583,14.126953125,15.28961181640625,,,,1,0,1,1,2,True,False,True,Codex visual review; not a human benchmark,两名站立人物握手的肢体接触较自然，但原坐姿浅色上衣男子仍在，新增了站立人物；指定对象编辑失败。
Q2_S2_1024_letterbox_35_2.5,quality,Q2,S2,1024,2.5,35,512,letterbox,PASS,,19.582697903038934,13.513941287994385,14.126953125,15.28961181640625,,,,2,,2,2,2,False,False,False,Codex visual review; not a human benchmark,已抬起单手招手，墨镜、条纹帽、红白外套和雪地保留；雪杖/雪板细节有变化，面部被墨镜遮挡且分辨率小，身份无法可靠判断。
Q2_S2_1024_letterbox_35_6.0,quality,Q2,S2,1024,6.0,35,512,letterbox,PASS,,19.63418799696956,13.513941287994385,14.126953125,15.28961181640625,,,,2,,2,2,2,False,False,False,Codex visual review; not a human benchmark,已抬起单手招手，墨镜、条纹帽、红白外套和雪地保留；雪杖/雪板细节有变化，面部被墨镜遮挡且分辨率小，身份无法可靠判断。
Q2_S2_1024_letterbox_50_2.5,quality,Q2,S2,1024,2.5,50,512,letterbox,PASS,,22.14522159495391,13.513941287994385,14.126953125,15.28961181640625,,,,2,,2,2,2,False,False,False,Codex visual review; not a human benchmark,已抬起单手招手，墨镜、条纹帽、红白外套和雪地保留；雪杖/雪板细节有变化，面部被墨镜遮挡且分辨率小，身份无法可靠判断。
Q2_S2_1024_letterbox_50_4.5,quality,Q2,S2,1024,4.5,50,512,letterbox,PASS,,21.516221988014877,13.513941287994385,14.126953125,15.28961181640625,,,,2,,2,2,2,False,False,False,Codex visual review; not a human benchmark,已抬起单手招手，墨镜、条纹帽、红白外套和雪地保留；雪杖/雪板细节有变化，面部被墨镜遮挡且分辨率小，身份无法可靠判断。
Q2_S2_1024_letterbox_50_6.0,quality,Q2,S2,1024,6.0,50,512,letterbox,PASS,,21.354915751959197,13.513941287994385,14.126953125,15.28961181640625,,,,2,,2,2,2,False,False,False,Codex visual review; not a human benchmark,已抬起单手招手，墨镜、条纹帽、红白外套和雪地保留；雪杖/雪板细节有变化，面部被墨镜遮挡且分辨率小，身份无法可靠判断。
Q2_S2_42_letterbox_35_2.5,quality,Q2,S2,42,2.5,35,512,letterbox,PASS,,19.667186628910713,13.513941287994385,14.126953125,15.28961181640625,,,,2,,2,2,2,False,False,False,Codex visual review; not a human benchmark,已抬起单手招手，墨镜、条纹帽、红白外套和雪地保留；雪杖/雪板细节有变化，面部被墨镜遮挡且分辨率小，身份无法可靠判断。
Q2_S2_42_letterbox_35_6.0,quality,Q2,S2,42,6.0,35,512,letterbox,PASS,,19.565625412971713,13.513941287994385,14.126953125,15.28961181640625,,,,2,,2,2,2,False,False,False,Codex visual review; not a human benchmark,已抬起单手招手，墨镜、条纹帽、红白外套和雪地保留；雪杖/雪板细节有变化，面部被墨镜遮挡且分辨率小，身份无法可靠判断。
Q2_S2_42_letterbox_50_2.5,quality,Q2,S2,42,2.5,50,512,letterbox,PASS,,21.59491041104775,13.513941287994385,14.126953125,15.28961181640625,,,,2,,2,2,2,False,False,False,Codex visual review; not a human benchmark,已抬起单手招手，墨镜、条纹帽、红白外套和雪地保留；雪杖/雪板细节有变化，面部被墨镜遮挡且分辨率小，身份无法可靠判断。
Q2_S2_42_letterbox_50_4.5,quality,Q2,S2,42,4.5,50,512,letterbox,PASS,,21.475040983990766,13.513941287994385,14.126953125,15.28961181640625,,,,2,,2,2,2,False,False,False,Codex visual review; not a human benchmark,已抬起单手招手，墨镜、条纹帽、红白外套和雪地保留；雪杖/雪板细节有变化，面部被墨镜遮挡且分辨率小，身份无法可靠判断。
Q2_S2_42_letterbox_50_6.0,quality,Q2,S2,42,6.0,50,512,letterbox,PASS,,21.606000223080628,13.513941287994385,14.126953125,15.28961181640625,,,,2,,2,2,2,False,False,False,Codex visual review; not a human benchmark,已抬起单手招手，墨镜、条纹帽、红白外套和雪地保留；雪杖/雪板细节有变化，面部被墨镜遮挡且分辨率小，身份无法可靠判断。
Q3_D1_1024_letterbox_35_4.5,quality,Q3,D1,1024,4.5,35,512,letterbox,PASS,,19.74854040297214,13.51731538772583,14.126953125,15.28961181640625,,,,1,0,1,1,2,True,False,True,Codex visual review; not a human benchmark,两名站立人物握手的肢体接触较自然，但原坐姿浅色上衣男子仍在，新增了站立人物；指定对象编辑失败。
Q3_D1_42_letterbox_35_4.5,quality,Q3,D1,42,4.5,35,512,letterbox,PASS,,19.901793080032803,13.51731538772583,14.126953125,15.28961181640625,,,,1,0,1,1,2,True,False,True,Codex visual review; not a human benchmark,两名站立人物握手的肢体接触较自然，但原坐姿浅色上衣男子仍在，新增了站立人物；指定对象编辑失败。
Q3_S2_1024_letterbox_35_4.5,quality,Q3,S2,1024,4.5,35,512,letterbox,PASS,,19.678865542053245,13.512773513793945,14.125,15.28765869140625,,,,2,,1,1,2,False,False,False,Codex visual review; not a human benchmark,完成招手并保留帽子和墨镜，但转为正面站姿、雪杖消失、雪板方向和雪面纹理明显变化；外套线条与头发也被重绘。
Q3_S2_42_letterbox_35_4.5,quality,Q3,S2,42,4.5,35,512,letterbox,PASS,,19.659188368008472,13.512773513793945,14.125,15.28765869140625,,,,2,,2,2,2,False,False,False,Codex visual review; not a human benchmark,已抬起单手招手，墨镜、条纹帽、红白外套和雪地保留；雪杖/雪板细节有变化，面部被墨镜遮挡且分辨率小，身份无法可靠判断。
Q4_D1_1024_1024,quality,Q4,D1,1024,6.0,35,1024,letterbox,PASS,,47.904148536967114,15.668319702148438,16.990234375,18.15289306640625,,,,2,0,0,0,1,True,False,True,Codex visual review; not a human benchmark,原坐姿男子仍在沙发边，另生成站立握手者；左右边缘、鞋和背景有明显伪影，不能认定指定人物完成动作。
Q4_D1_1024_42,quality,Q4,D1,42,6.0,35,1024,letterbox,PASS,,47.67971157794818,15.668319702148438,16.990234375,18.15289306640625,,,,2,0,0,0,1,True,False,True,Codex visual review; not a human benchmark,原坐姿图案T恤男子仍可见，同时新增浅色上衣站立者与格纹男子握手；画面边缘和背景出现明显纹理伪影，指定人物编辑失败。
Q4_D1_768_1024,quality,Q4,D1,1024,6.0,35,768,letterbox,PASS,,28.588445136905648,14.385246753692627,15.37890625,16.54156494140625,,,,2,0,0,1,2,False,False,True,Codex visual review; not a human benchmark,坐姿位置已清空，握手动作自然，但站立者的脸型、体型和深色长裤不对应原坐姿男子；属于人物替换/错配，不能验收为指定人物起身。
Q4_D1_768_42,quality,Q4,D1,42,6.0,35,768,letterbox,PASS,,28.747861286974512,14.385246753692627,15.37890625,16.54156494140625,,,,2,0,0,1,1,False,False,True,Codex visual review; not a human benchmark,坐姿位置已清空并生成站立握手者，但其脸型、体型和深色长裤与原坐姿图案T恤、卡其短裤男子不一致；按人物替换/错配计，不计新增人物。握手处有双手叠合的可疑结构。
Q4_S2_1024_1024,quality,Q4,S2,1024,6.0,35,1024,letterbox,PASS,,47.64133337000385,15.654111862182617,16.990234375,18.15289306640625,,,,2,,1,1,1,False,False,False,Codex visual review; not a human benchmark,1024下完成招手，但雪杖断裂/出现悬空碎片，雪面存在斑块，外套线条与比例变化；没有形成一致的质量提升。手套指形也有可疑额外轮廓，需人工放大复核。
Q4_S2_1024_42,quality,Q4,S2,42,6.0,35,1024,letterbox,PASS,,47.755606823950075,15.654111862182617,16.990234375,18.15289306640625,,,,2,,1,1,2,False,False,False,Codex visual review; not a human benchmark,1024下完成招手，但雪杖断裂/出现悬空碎片，雪面存在斑块，外套线条与比例变化；没有形成一致的质量提升。灰色补边被扩成雪地。
Q4_S2_768_1024,quality,Q4,S2,1024,6.0,35,768,letterbox,PASS,,28.444899319089018,14.37544059753418,15.37890625,16.54156494140625,,,,2,,2,2,2,False,False,False,Codex visual review; not a human benchmark,768下完成单手招手，帽子、墨镜和服装大体保留；补边出现纹理，主体细节仍被重绘，未观察到稳定优于512的收益。
Q4_S2_768_42,quality,Q4,S2,42,6.0,35,768,letterbox,PASS,,28.557559018023312,14.37544059753418,15.37890625,16.54156494140625,,,,2,,2,2,2,False,False,False,Codex visual review; not a human benchmark,768下完成单手招手，帽子、墨镜和服装大体保留；补边出现纹理，主体细节仍被重绘，未观察到稳定优于512的收益。
REPRO_Q0_S0_42,quality,reproducibility,S0,42,4.5,35,512,stretch,PASS,,19.759928466985002,13.513941287994385,14.126953125,15.28961181640625,,,,,,,,,,,,,
SMOKE_M_512,train,smoke,S0,42,,,512,letterbox,PASS,True,23.14776713901665,8.798203945159912,9.328125,10.50640869140625,0.355365922965575,0.3568452188104857,130277376.0,,,,,,,,,,
SMOKE_ONLINE_M_512,train,smoke,S0,42,,,512,letterbox,PASS,True,59.780676324968226,16.865621089935303,17.572265625,18.75250244140625,0.4524046385195106,0.4539731257245876,130277376.0,,,,,,,,,,
STABLE_M_1024_0,train,stable,S0,42,,,1024,letterbox,PASS,True,234.91131043597125,15.403346538543701,16.83203125,18.01031494140625,2.090215948992409,2.096382597903721,130277376.0,,,,,,,,,,
STABLE_M_1024_1,train,stable,S0,43,,,1024,letterbox,PASS,True,233.94628418295179,15.403346538543701,16.83203125,18.01031494140625,2.091147366911173,2.096851253753994,130277376.0,,,,,,,,,,
STABLE_M_1024_2,train,stable,S0,44,,,1024,letterbox,PASS,True,233.91501636907924,15.403346538543701,16.83203125,18.01031494140625,2.090450056013651,2.0971608664374797,130277376.0,,,,,,,,,,
STABLE_M_512_0,train,stable,S0,42,,,512,letterbox,PASS,True,58.211474186042324,8.797837734222412,9.390625,10.56890869140625,0.34828720206860453,0.3628881456214002,130277376.0,,,,,,,,,,
STABLE_M_512_1,train,stable,S0,43,,,512,letterbox,PASS,True,58.31771348894108,8.797837734222412,9.390625,10.56890869140625,0.3487626339774579,0.35137602941831575,130277376.0,,,,,,,,,,
STABLE_M_512_2,train,stable,S0,44,,,512,letterbox,PASS,True,58.131385865970515,8.797837734222412,9.390625,10.56890869140625,0.3484238649252802,0.35233037672005596,130277376.0,,,,,,,,,,
STABLE_M_768_0,train,stable,S0,42,,,768,letterbox,PASS,True,112.42991513502784,11.546632289886475,12.216796875,13.39508056640625,0.8810236200224608,0.8851505218539387,130277376.0,,,,,,,,,,
STABLE_M_768_1,train,stable,S0,43,,,768,letterbox,PASS,True,112.09688253304921,11.546632289886475,12.216796875,13.39508056640625,0.8800134169869125,0.8851064384914935,130277376.0,,,,,,,,,,
STABLE_M_768_2,train,stable,S0,44,,,768,letterbox,PASS,True,112.53209745697677,11.546632289886475,12.216796875,13.39508056640625,0.8799883850151673,0.8856204377487302,130277376.0,,,,,,,,,,
T_L_1024_cache_1_D0,train,sensitivity,D0,42,,,1024,letterbox,PASS,True,76.80687117693014,16.526139736175537,17.626953125,18.80523681640625,2.092922727984842,2.0952923368371557,205791232.0,,,,,,,,,,
T_L_1024_cache_1_S0,train,sensitivity,S0,42,,,1024,letterbox,PASS,True,77.13337738497648,16.5261492729187,17.626953125,18.80523681640625,2.1095923034008592,2.1117077862261793,205791232.0,,,,,,,,,,
T_L_512_cache_1_D0,train,sensitivity,D0,42,,,512,letterbox,PASS,True,32.281566916033626,9.924180507659912,10.39453125,11.57281494140625,0.3566934794653207,0.3587342778395396,205791232.0,,,,,,,,,,
T_L_512_cache_1_S0,train,sensitivity,S0,42,,,512,letterbox,PASS,True,32.055752436979674,9.925157070159912,10.39453125,11.57281494140625,0.35761918599018827,0.36103154566371815,205791232.0,,,,,,,,,,
T_L_768_cache_1_D0,train,sensitivity,D0,42,,,768,letterbox,PASS,True,45.91673981701024,12.673326015472412,13.3828125,14.56109619140625,0.8897177469916642,0.891452734649647,205791232.0,,,,,,,,,,
T_L_768_cache_1_S0,train,sensitivity,S0,42,,,768,letterbox,PASS,True,45.80187626299448,12.673341274261475,13.3828125,14.56109619140625,0.8942610960220918,0.8964629582478665,205791232.0,,,,,,,,,,
T_M_1024_cache_0_D0,train,main,D0,42,,,1024,letterbox,PASS,True,62.02991824410856,35.12045383453369,36.162109375,37.34039306640625,1.5386743705603294,1.5402259202790447,130277376.0,,,,,,,,,,
T_M_1024_cache_0_S0,train,main,S0,42,,,1024,letterbox,PASS,True,60.9756886579562,35.11301851272583,35.826171875,37.00445556640625,1.547626126499381,1.549490032537142,130277376.0,,,,,,,,,,
T_M_1024_cache_1_D0,train,main,D0,42,,,1024,letterbox,PASS,True,75.22372843499761,15.401872158050537,16.83203125,18.01031494140625,2.0725282265339047,2.0740510001953227,130277376.0,,,,,,,,,,
T_M_1024_cache_1_S0,train,main,S0,42,,,1024,letterbox,PASS,True,75.65542164095677,15.400889873504639,16.83203125,18.01031494140625,2.0873047855566256,2.090125364437699,130277376.0,,,,,,,,,,
T_M_1024_online_0_D0,train,main,D0,42,,,1024,letterbox,PASS,True,106.05045121803414,43.20288562774658,45.232421875,46.41265869140625,1.855607042554766,1.8582265728560743,130277376.0,,,,,,,,,,
T_M_1024_online_0_S0,train,main,S0,42,,,1024,letterbox,PASS,True,103.82719830202404,43.20210790634155,45.166015625,46.34625244140625,1.8636869629845023,1.8698595380585175,130277376.0,,,,,,,,,,
T_M_1024_online_1_D0,train,main,D0,42,,,1024,letterbox,PASS,True,119.7567993379198,23.47379446029663,25.1015625,26.28179931640625,2.3925969729898497,2.3953433281451,130277376.0,,,,,,,,,,
T_M_1024_online_1_S0,train,main,S0,42,,,1024,letterbox,PASS,True,120.62923666497227,23.47434377670288,25.1015625,26.28179931640625,2.407158731482923,2.4107543335238004,130277376.0,,,,,,,,,,
T_M_512_cache_0_D0,train,main,D0,42,,,512,letterbox,PASS,True,28.879671804024838,12.7843656539917,13.84375,15.02203369140625,0.23955768445739523,0.24235162635450253,130277376.0,,,,,,,,,,
T_M_512_cache_0_S0,train,main,S0,42,,,512,letterbox,PASS,True,29.104216390987858,12.79042673110962,13.87109375,15.04937744140625,0.24118072947021574,0.24385594404302538,130277376.0,,,,,,,,,,
T_M_512_cache_1_D0,train,main,D0,42,,,512,letterbox,PASS,True,31.248435017070733,8.798203945159912,9.328125,10.50640869140625,0.34780090948333964,0.3507374868786428,130277376.0,,,,,,,,,,
T_M_512_cache_1_S0,train,main,S0,42,,,512,letterbox,PASS,True,31.220281447982416,8.798203945159912,9.328125,10.50640869140625,0.3510355585021898,0.35274925096309745,130277376.0,,,,,,,,,,
T_M_512_online_0_D0,train,main,D0,42,,,512,letterbox,PASS,True,64.42757192999125,20.8372220993042,22.419921875,23.60015869140625,0.33665743499295786,0.3393023435026407,130277376.0,,,,,,,,,,
T_M_512_online_0_S0,train,main,S0,42,,,512,letterbox,PASS,True,64.31486194196623,20.83782148361206,22.427734375,23.60797119140625,0.3376254790346138,0.3397157201776281,130277376.0,,,,,,,,,,
T_M_512_online_1_D0,train,main,D0,42,,,512,letterbox,PASS,True,67.22241986892186,16.865743160247803,17.572265625,18.75250244140625,0.4427652839804068,0.4465095625491813,130277376.0,,,,,,,,,,
T_M_512_online_1_S0,train,main,S0,42,,,512,letterbox,PASS,True,66.64490744296927,16.866719722747803,17.57421875,18.75445556640625,0.44437051203567535,0.4472801078518387,130277376.0,,,,,,,,,,
T_M_768_cache_0_D0,train,main,D0,42,,,768,letterbox,PASS,True,38.98817131796386,21.499876499176025,21.94140625,23.11968994140625,0.647328995517455,0.6500342256273143,130277376.0,,,,,,,,,,
T_M_768_cache_0_S0,train,main,S0,42,,,768,letterbox,PASS,True,38.9312104890123,21.47434663772583,22.06640625,23.24468994140625,0.6511132635059766,0.6524957543064375,130277376.0,,,,,,,,,,
T_M_768_cache_1_D0,train,main,D0,42,,,768,letterbox,PASS,True,44.465678120963275,11.547105312347412,12.216796875,13.39508056640625,0.8752129480126314,0.8783669602416921,130277376.0,,,,,,,,,,
T_M_768_cache_1_S0,train,main,S0,42,,,768,letterbox,PASS,True,44.823378355940804,11.547120571136475,12.216796875,13.39508056640625,0.8793565210071392,0.881532848707866,130277376.0,,,,,,,,,,
T_M_768_online_0_D0,train,main,D0,42,,,768,letterbox,PASS,True,81.780167727964,29.55748701095581,30.93359375,32.11383056640625,0.8292941644904204,0.8319887654448394,130277376.0,,,,,,,,,,
T_M_768_online_0_S0,train,main,S0,42,,,768,letterbox,PASS,True,77.08371182903647,29.536263942718506,30.884765625,32.06500244140625,0.8288768285419792,0.832132098422153,130277376.0,,,,,,,,,,
T_M_768_online_1_D0,train,main,D0,42,,,768,letterbox,PASS,True,83.35213970893528,19.618043422698975,20.642578125,21.82281494140625,1.0588714049663395,1.0620322654140182,130277376.0,,,,,,,,,,
T_M_768_online_1_S0,train,main,S0,42,,,768,letterbox,PASS,True,80.8167690570699,19.618058681488037,20.642578125,21.82281494140625,1.0622276589856483,1.067735139268916,130277376.0,,,,,,,,,,
T_S_1024_cache_1_D0,train,sensitivity,D0,42,,,1024,letterbox,PASS,True,74.7004029750824,14.837480068206787,16.19140625,17.36968994140625,2.0599975744844414,2.0627123376936654,92520448.0,,,,,,,,,,
T_S_1024_cache_1_S0,train,sensitivity,S0,42,,,1024,letterbox,PASS,True,75.14223854895681,14.840407848358154,15.689453125,16.86773681640625,2.07562780554872,2.0777820229355712,92520448.0,,,,,,,,,,
T_S_512_cache_1_D0,train,sensitivity,D0,42,,,512,letterbox,PASS,True,30.433285439037718,8.233872890472412,8.685546875,9.86383056640625,0.3415214879787527,0.34396990926470605,92520448.0,,,,,,,,,,
T_S_512_cache_1_S0,train,sensitivity,S0,42,,,512,letterbox,PASS,True,30.507992179016583,8.232652187347412,8.685546875,9.86383056640625,0.3413241285015829,0.3430390422581695,92520448.0,,,,,,,,,,
T_S_768_cache_1_D0,train,sensitivity,D0,42,,,768,letterbox,PASS,True,44.01377077808138,10.983140468597412,11.921875,13.10015869140625,0.8699806664371863,0.8721989216457586,92520448.0,,,,,,,,,,
T_S_768_cache_1_S0,train,sensitivity,S0,42,,,768,letterbox,PASS,True,44.327207115944475,10.984239101409912,11.640625,12.81890869140625,0.8718348730471916,0.8758805280085653,92520448.0,,,,,,,,,,
