elapsed_seconds,used_gib,stage
0.0010772430105134845,0.612548828125,startup
0.05171120003797114,0.612548828125,startup
0.10497236903756857,0.612548828125,startup
0.16015624499414116,0.612548828125,startup
0.21138488210272044,0.612548828125,startup
0.2648864210350439,0.612548828125,startup
0.31721889099571854,0.612548828125,startup
0.368764218990691,0.612548828125,startup
0.4208913079928607,0.612548828125,startup
0.4715236440533772,0.612548828125,startup
0.5216854130849242,0.612548828125,startup
0.5746532110497355,0.612548828125,startup
0.624896951019764,0.612548828125,startup
0.6851900310721248,0.612548828125,startup
0.7488539820769802,0.612548828125,startup
0.8005483540473506,0.612548828125,startup
0.8918187420349568,0.612548828125,startup
0.9422071080189198,0.612548828125,startup
0.9926635670708492,0.612548828125,startup
1.0434980629943311,0.612548828125,startup
1.0942345371004194,0.612548828125,startup
1.1536804320057854,0.612548828125,startup
1.2043865120504051,0.612548828125,startup
1.2564337010262534,0.612548828125,startup
1.3066644980572164,0.612548828125,startup
1.3822810950223356,0.612548828125,startup
1.4328603990143165,0.612548828125,startup
1.4830296400468796,0.612548828125,startup
1.5342465490102768,0.612548828125,startup
1.5847161700949073,0.612548828125,startup
1.6450274160597473,0.612548828125,startup
1.7099145440151915,0.612548828125,startup
1.767090697074309,0.612548828125,startup
1.8671205000719056,0.612548828125,startup
2.002720771008171,0.612548828125,startup
2.068203301052563,0.612548828125,startup
2.1314060729928315,0.612548828125,startup
2.184797439025715,0.612548828125,startup
2.2352068200707436,0.612548828125,startup
2.285766934044659,0.612548828125,startup
2.3362603300483897,0.612548828125,startup
2.386609991081059,0.612548828125,startup
2.437185061047785,0.612548828125,startup
2.4873640270670876,0.612548828125,startup
2.546301059075631,0.612548828125,startup
2.597626933013089,0.612548828125,startup
2.648263492039405,0.612548828125,startup
2.700712511083111,0.612548828125,startup
2.7508730180561543,0.612548828125,startup
2.8014633629936725,0.612548828125,startup
2.8570691710337996,0.612548828125,startup
2.9073239610297605,0.612548828125,startup
2.957610673038289,0.612548828125,startup
3.0078844890231267,0.612548828125,startup
3.0586426940280944,0.612548828125,startup
3.108876965008676,0.612548828125,startup
3.159192580031231,0.612548828125,startup
3.2805602580774575,0.612548828125,startup
3.3307546090800315,0.612548828125,startup
3.3823278120253235,0.612548828125,startup
3.4354981330689043,0.612548828125,startup
3.4858391330344602,0.612548828125,startup
3.536482629016973,0.612548828125,startup
3.5873803620925173,0.612548828125,startup
3.644022651016712,0.612548828125,startup
3.6942268140846863,0.612548828125,startup
3.7467195680364966,0.612548828125,startup
3.7969339680857956,0.612548828125,startup
3.8472192040644586,0.612548828125,startup
3.898312739096582,0.612548828125,startup
3.94875431410037,0.612548828125,startup
4.0000872070668265,0.612548828125,startup
4.05021951906383,0.612548828125,startup
4.10034111503046,0.612548828125,startup
4.1504520770395175,0.612548828125,startup
4.2005652480293065,0.612548828125,startup
4.250674154027365,0.612548828125,startup
4.300784557010047,0.612548828125,startup
4.350896107032895,0.612548828125,startup
4.401007425040007,0.612548828125,startup
4.45112133200746,0.612548828125,startup
4.50157688499894,0.62884521484375,startup
4.551705343066715,0.64508056640625,startup
4.601998114027083,1.06695556640625,load_cached_training_backbone
4.652182071004063,1.06695556640625,load_cached_training_backbone
4.703078733989969,1.06695556640625,load_cached_training_backbone
4.75437087204773,1.06695556640625,load_cached_training_backbone
4.804989940021187,1.06695556640625,load_cached_training_backbone
4.855145231005736,1.06695556640625,load_cached_training_backbone
4.905776811065152,1.06695556640625,load_cached_training_backbone
4.957174092065543,1.06695556640625,load_cached_training_backbone
5.007976941997185,1.06695556640625,load_cached_training_backbone
5.058214873075485,1.06695556640625,load_cached_training_backbone
5.109447673079558,1.06695556640625,load_cached_training_backbone
5.159907861030661,1.06695556640625,load_cached_training_backbone
5.2100476620253175,1.06695556640625,load_cached_training_backbone
5.260618347092532,1.06695556640625,load_cached_training_backbone
5.310949421022087,1.06695556640625,load_cached_training_backbone
5.361079275025986,1.06695556640625,load_cached_training_backbone
5.550199652090669,1.06695556640625,load_cached_training_backbone
5.6004267550306395,1.06695556640625,load_cached_training_backbone
5.650635930011049,1.49078369140625,load_cached_training_backbone
5.70087806310039,1.49078369140625,load_cached_training_backbone
5.751119732041843,1.71929931640625,load_cached_training_backbone
5.801388861029409,2.00445556640625,load_cached_training_backbone
5.851639019092545,2.27593994140625,load_cached_training_backbone
5.901910748099908,2.54937744140625,load_cached_training_backbone
5.952143034082837,2.77398681640625,load_cached_training_backbone
6.002382533042692,3.04742431640625,load_cached_training_backbone
6.052691452088766,3.29742431640625,load_cached_training_backbone
6.10296631208621,3.56500244140625,load_cached_training_backbone
6.153145784046501,3.87359619140625,load_cached_training_backbone
6.203331085038371,4.19976806640625,load_cached_training_backbone
6.253461223095655,4.52789306640625,load_cached_training_backbone
6.303656459087506,4.83843994140625,load_cached_training_backbone
6.353778806049377,5.12750244140625,load_cached_training_backbone
6.4039125920971856,5.38336181640625,load_cached_training_backbone
6.4540356090292335,5.63922119140625,load_cached_training_backbone
6.541412824997678,5.85015869140625,load_cached_training_backbone
6.591575436992571,5.85015869140625,adapter_optimizer_setup
6.6417018480133265,5.85015869140625,adapter_optimizer_setup
6.69182217400521,5.85015869140625,adapter_optimizer_setup
6.741938821040094,5.85015869140625,adapter_optimizer_setup
6.792073647025973,5.85015869140625,adapter_optimizer_setup
6.842208289075643,5.85015869140625,adapter_optimizer_setup
6.892323982086964,5.85015869140625,adapter_optimizer_setup
6.9424445980694145,5.85015869140625,adapter_optimizer_setup
6.992565068998374,5.85015869140625,adapter_optimizer_setup
7.042680442100391,5.85015869140625,adapter_optimizer_setup
7.0927951170597225,5.85015869140625,adapter_optimizer_setup
7.142945879022591,5.85015869140625,adapter_optimizer_setup
7.193087632069364,5.85015869140625,adapter_optimizer_setup
7.243222572025843,6.06890869140625,adapter_optimizer_setup
7.29339389805682,6.27984619140625,adapter_optimizer_setup
7.3536931610433385,6.33843994140625,between_stages
7.409655595081858,6.33843994140625,between_stages
7.461679118103348,6.33843994140625,between_stages
7.511853249045089,6.33843994140625,between_stages
7.562033537076786,6.33843994140625,between_stages
7.612224732991308,6.36968994140625,between_stages
7.662419637083076,6.36968994140625,between_stages
7.7125718630850315,6.36968994140625,between_stages
7.762706244015135,6.36968994140625,between_stages
7.81283188809175,6.36968994140625,between_stages
7.862975256051868,6.36968994140625,between_stages
7.913097480079159,6.36968994140625,between_stages
8.174641523044556,6.36968994140625,between_stages
8.224792693043128,6.36968994140625,between_stages
8.274915684014559,6.36968994140625,between_stages
8.325031327083707,6.36968994140625,between_stages
8.375156574998982,6.36968994140625,between_stages
8.425270223990083,6.36968994140625,between_stages
8.475382780074142,6.36968994140625,between_stages
8.5314887490822,6.36968994140625,between_stages
8.58164338208735,6.36968994140625,between_stages
8.631781517993659,6.36968994140625,between_stages
8.681915684021078,6.36968994140625,between_stages
8.732044527074322,6.36968994140625,between_stages
8.782172473031096,6.36968994140625,between_stages
8.832322447095066,6.36968994140625,between_stages
8.8824490980478,6.36968994140625,between_stages
8.934658478014171,6.36968994140625,between_stages
8.984791980008595,6.36968994140625,between_stages
9.03492039104458,6.36968994140625,between_stages
9.085076599032618,6.36968994140625,between_stages
9.135204661055468,6.36968994140625,between_stages
9.185332210035995,6.36968994140625,between_stages
9.235460394993424,6.36968994140625,between_stages
9.285586449084803,6.36968994140625,between_stages
9.335713688051328,6.36968994140625,between_stages
9.385841569048353,6.36968994140625,between_stages
9.435967129073106,6.36968994140625,between_stages
9.486154993996024,6.36968994140625,between_stages
9.536690237000585,6.36968994140625,between_stages
9.58691147400532,6.36968994140625,between_stages
9.637110601062886,6.36968994140625,between_stages
9.687257147044875,6.36968994140625,between_stages
9.73738662910182,6.36968994140625,between_stages
9.78753710607998,6.36968994140625,between_stages
9.837672848021612,6.36968994140625,between_stages
9.889169879024848,6.36968994140625,between_stages
9.939361575059593,6.36968994140625,between_stages
9.989486797014251,6.36968994140625,between_stages
10.039600369054824,6.36968994140625,between_stages
10.089713676017709,6.36968994140625,between_stages
10.142864566994831,6.36968994140625,between_stages
10.192993339034729,6.36968994140625,between_stages
10.243112874100916,6.36968994140625,between_stages
10.293227482005022,6.36968994140625,between_stages
10.343341022031382,6.36968994140625,between_stages
10.396573749021627,6.36968994140625,between_stages
10.446697677019984,6.36968994140625,between_stages
10.496819743071683,6.36968994140625,between_stages
10.54693189903628,6.36968994140625,between_stages
10.597044861060567,6.36968994140625,between_stages
10.65063423209358,6.36968994140625,between_stages
10.70075502304826,6.36968994140625,between_stages
10.750880185049027,6.36968994140625,between_stages
10.80100111104548,6.36968994140625,between_stages
10.851120713050477,6.36968994140625,between_stages
10.904562967014499,6.36968994140625,between_stages
10.954687213990837,6.36968994140625,between_stages
11.004811077029444,6.36968994140625,between_stages
11.05492528306786,6.36968994140625,between_stages
11.105057624052279,6.36968994140625,between_stages
11.159486112068407,6.36968994140625,between_stages
11.20964466209989,6.36968994140625,between_stages
11.259770975098945,6.36968994140625,between_stages
11.309888587100431,6.36968994140625,between_stages
11.359999498003162,6.36968994140625,between_stages
11.41326341999229,6.36968994140625,between_stages
11.463386471034028,6.36968994140625,between_stages
11.513508208096027,6.36968994140625,between_stages
11.563635799102485,6.36968994140625,between_stages
11.613750640070066,6.36968994140625,between_stages
11.666927961050533,6.36968994140625,between_stages
11.717052068095654,6.36968994140625,between_stages
11.767171121085994,6.36968994140625,between_stages
11.817298982059583,6.36968994140625,between_stages
11.86741892399732,6.36968994140625,between_stages
11.917553885024972,6.36968994140625,between_stages
11.967674897052348,6.36968994140625,between_stages
12.017791449092329,6.36968994140625,between_stages
12.069782798062079,6.36968994140625,between_stages
12.119902100064792,6.36968994140625,between_stages
12.170033836038783,6.36968994140625,between_stages
12.220406637061387,6.36968994140625,between_stages
12.270533428061754,6.36968994140625,between_stages
12.320859499042854,6.36968994140625,between_stages
12.372690060990863,6.36968994140625,between_stages
12.426936984062195,6.36968994140625,between_stages
12.477060565026477,6.36968994140625,between_stages
12.527173423091881,6.36968994140625,between_stages
12.578440960031003,6.36968994140625,between_stages
12.63279328099452,6.36968994140625,between_stages
12.682913798023947,6.36968994140625,between_stages
12.733025660039857,6.36968994140625,between_stages
12.783894095104188,6.36968994140625,between_stages
12.838109678006731,6.36968994140625,between_stages
12.888241058099084,6.36968994140625,between_stages
12.938400975079276,6.36968994140625,between_stages
12.989122560014948,6.36968994140625,between_stages
13.04425225907471,6.36968994140625,between_stages
13.094365476048551,6.36968994140625,between_stages
13.14456460706424,6.36968994140625,between_stages
13.194713350036182,6.36968994140625,between_stages
13.244841495063156,6.36968994140625,between_stages
13.294964072061703,6.36968994140625,between_stages
13.345080088009126,6.36968994140625,between_stages
13.395197576028295,6.36968994140625,between_stages
13.445316163008101,6.36968994140625,between_stages
13.495444209082052,6.36968994140625,between_stages
13.545560866012238,6.36968994140625,between_stages
13.595680988044478,6.36968994140625,between_stages
13.645801578997634,6.36968994140625,between_stages
13.69591837504413,6.36968994140625,between_stages
13.751231315080076,6.36968994140625,between_stages
13.80435465706978,6.36968994140625,between_stages
13.854540308006108,6.36968994140625,between_stages
13.90465484908782,6.36968994140625,between_stages
13.954772150027566,6.36968994140625,between_stages
14.0053482450312,6.36968994140625,between_stages
14.055459887022153,6.36968994140625,between_stages
14.106007677037269,6.36968994140625,between_stages
14.15614054899197,6.36968994140625,between_stages
14.206545390072279,6.36968994140625,between_stages
14.256668662070297,7.00445556640625,zero_equivalence_validation
14.306794153992087,7.00445556640625,zero_equivalence_validation
14.356922585051507,10.00640869140625,zero_equivalence_validation
14.407048502005637,11.01031494140625,zero_equivalence_validation
14.457171133020893,11.01031494140625,zero_equivalence_validation
14.507303285063244,11.01031494140625,zero_equivalence_validation
14.55743412708398,11.01226806640625,zero_equivalence_validation
14.607536816038191,11.01422119140625,zero_equivalence_validation
14.657653753994964,11.02203369140625,zero_equivalence_validation
14.707846165052615,11.02398681640625,zero_equivalence_validation
14.757970622042194,11.02398681640625,zero_equivalence_validation
14.8080848880345,11.02398681640625,zero_equivalence_validation
14.858210998005234,11.02398681640625,zero_equivalence_validation
14.908327813027427,11.02398681640625,zero_equivalence_validation
14.958439538022503,11.02398681640625,zero_equivalence_validation
15.008549395017326,11.02398681640625,zero_equivalence_validation
15.058660277049057,11.02398681640625,zero_equivalence_validation
15.110102508100681,11.02398681640625,zero_equivalence_validation
15.160213220049627,11.02398681640625,zero_equivalence_validation
15.211408859002404,11.02398681640625,zero_equivalence_validation
15.261557926074602,11.02398681640625,zero_equivalence_validation
15.311668547103181,11.02398681640625,zero_equivalence_validation
15.361778064048849,11.02398681640625,zero_equivalence_validation
15.412712087039836,11.02398681640625,zero_equivalence_validation
15.462822379078716,11.02398681640625,zero_equivalence_validation
15.512932085082866,11.02398681640625,zero_equivalence_validation
15.563043422996998,11.02398681640625,zero_equivalence_validation
15.613158330088481,11.02398681640625,zero_equivalence_validation
15.6632777210325,11.02398681640625,zero_equivalence_validation
15.871785646071658,11.02398681640625,between_stages
15.921920055989176,11.46929931640625,first_forward
15.972043948015198,11.46929931640625,first_forward
16.022228143992834,11.47320556640625,first_forward
16.072363272076473,11.47320556640625,first_forward
16.122477342025377,11.47320556640625,first_forward
16.172601125086658,11.47320556640625,first_forward
16.22271498607006,11.47320556640625,first_forward
16.272833738010377,11.47320556640625,first_forward
16.322976425057277,11.47320556640625,first_forward
16.37310408509802,11.47320556640625,first_forward
16.42323878710158,11.47320556640625,first_forward
16.47338447009679,11.47515869140625,first_backward
16.523503811098635,11.48297119140625,first_backward
16.57362835900858,11.48297119140625,first_backward
16.623739973991178,11.48297119140625,first_backward
16.67387604608666,11.48297119140625,first_backward
16.723988946992904,11.48297119140625,first_backward
16.774102004012093,11.48297119140625,first_backward
16.824215676053427,11.48297119140625,first_backward
16.874328947043978,11.48297119140625,first_backward
16.9244401040487,11.48297119140625,first_backward
16.974551371997222,11.48687744140625,first_backward
17.024662611074746,11.48687744140625,first_backward
17.075354997068644,11.48687744140625,first_backward
17.125463349046186,11.48687744140625,first_backward
17.175575544009916,11.48687744140625,first_backward
17.22568689205218,11.48687744140625,first_backward
17.27579683403019,11.48687744140625,first_backward
17.32590627402533,11.48687744140625,first_backward
17.376020146999508,11.48687744140625,first_backward
17.42612865800038,11.48687744140625,first_backward
17.476242710021324,11.48687744140625,first_backward
17.526357407099567,11.48687744140625,first_backward
17.576471022097394,11.48687744140625,first_backward
17.62658498401288,11.48687744140625,first_backward
17.677416083053686,11.48687744140625,first_backward
17.727546846028417,11.48687744140625,first_backward
17.777668394031934,11.49664306640625,first_backward
17.827797634061426,11.49664306640625,first_backward
17.877936641103588,11.49664306640625,first_backward
17.928067741100676,11.49664306640625,first_backward
17.978190108085983,12.00250244140625,first_backward
18.028307160013355,17.00640869140625,first_backward
18.07842001703102,17.00640869140625,first_backward
18.128540708101355,17.00640869140625,first_backward
18.178657910088077,17.00640869140625,first_backward
18.228781472076662,17.00640869140625,warmup
18.2788943820633,17.00640869140625,warmup
18.32900696003344,17.00640869140625,warmup
18.379117161035538,17.00640869140625,warmup
18.429228863096796,17.00640869140625,warmup
18.47934272803832,17.00640869140625,warmup
18.529455315088853,17.00640869140625,warmup
18.580463930033147,17.00640869140625,warmup
18.63057523209136,17.00640869140625,warmup
18.680684873019345,17.00640869140625,warmup
18.730823300080374,17.00640869140625,warmup
18.78093865001574,17.00640869140625,warmup
18.83105159807019,17.00640869140625,warmup
18.882258306024596,17.00640869140625,warmup
18.932368192006834,17.00640869140625,warmup
18.982479403028265,17.00640869140625,warmup
19.032590905088,17.00640869140625,warmup
19.082702058018185,17.00640869140625,warmup
19.132811848074198,17.00640869140625,warmup
19.18292614002712,17.00640869140625,warmup
19.23303698701784,17.00640869140625,warmup
19.283147639012896,17.00836181640625,warmup
19.33325775107369,17.00836181640625,warmup
19.38347291701939,17.00836181640625,warmup
19.433584803016856,17.00836181640625,warmup
19.48369632998947,17.00836181640625,warmup
19.53380985208787,17.00836181640625,warmup
19.583925569080748,17.00836181640625,warmup
19.634041020064615,17.00836181640625,warmup
19.684156991075724,17.00836181640625,warmup
19.734269877080806,17.00836181640625,warmup
19.784397155046463,17.00836181640625,warmup
19.83454873703886,17.00836181640625,warmup
19.88467289309483,17.00836181640625,warmup
19.93478926399257,17.00836181640625,warmup
19.98490538506303,17.00836181640625,warmup
20.035021107061766,18.01031494140625,warmup
20.085137225105427,18.01031494140625,warmup
20.135250268038362,18.01031494140625,warmup
20.18536192306783,18.01031494140625,warmup
20.23547444900032,18.01031494140625,warmup
20.285595311084762,18.01031494140625,warmup
20.335729902028106,18.01031494140625,warmup
20.38585325400345,18.01031494140625,warmup
20.436014396022074,18.01031494140625,warmup
20.487350208102725,18.01031494140625,warmup
20.537462814012542,18.01031494140625,warmup
20.587575791054405,18.01031494140625,warmup
20.637686673086137,18.01031494140625,warmup
20.6878140399931,18.01031494140625,warmup
20.73905915603973,18.01031494140625,warmup
20.78917431400623,18.01031494140625,warmup
20.83930881100241,18.01031494140625,warmup
20.889428132097237,18.01031494140625,warmup
20.939550589071587,18.01031494140625,warmup
20.989666189067066,18.01031494140625,warmup
21.039801887003705,18.01031494140625,warmup
21.089914362994023,18.01031494140625,warmup
21.140027825022116,18.01031494140625,warmup
21.191157938097604,18.01031494140625,warmup
21.241268470068462,18.01031494140625,warmup
21.291379932081327,18.01031494140625,warmup
21.341492118081078,18.01031494140625,warmup
21.39161473698914,18.01031494140625,warmup
21.441730516031384,18.01031494140625,warmup
21.491845687036403,18.01031494140625,warmup
21.54196097003296,18.01031494140625,warmup
21.59261491301004,18.01031494140625,warmup
21.642733151093125,18.01031494140625,warmup
21.69285180303268,18.01031494140625,warmup
21.742967878002673,18.01031494140625,warmup
21.793092130101286,18.01031494140625,warmup
21.84321106201969,18.01031494140625,warmup
21.89332506910432,18.01031494140625,warmup
21.94344123103656,18.01031494140625,warmup
21.993556612054817,18.01031494140625,warmup
22.043673933018,18.01031494140625,warmup
22.093794738990255,18.01031494140625,warmup
22.143907591002062,18.01031494140625,warmup
22.194020353024825,18.01031494140625,warmup
22.244133639032952,18.01031494140625,warmup
22.294245416997,18.01031494140625,warmup
22.34435715409927,18.01031494140625,warmup
22.394472244079225,18.01031494140625,warmup
22.444586005993187,18.01031494140625,warmup
22.494702118099667,18.01031494140625,warmup
22.544815975008532,18.01031494140625,warmup
22.59492974006571,18.01031494140625,warmup
22.645846109022386,18.01031494140625,warmup
22.695956532028504,18.01031494140625,warmup
22.746066224062815,18.01031494140625,warmup
22.7961777090095,18.01031494140625,warmup
22.84630781703163,18.01031494140625,warmup
22.89644110307563,18.01031494140625,warmup
22.948265089071356,18.01031494140625,warmup
23.00008984003216,18.01031494140625,warmup
23.050204618019052,18.01031494140625,warmup
23.1003169080941,18.01031494140625,warmup
23.150469624088146,18.01031494140625,warmup
23.20058314106427,18.01031494140625,warmup
23.250696598086506,18.01031494140625,warmup
23.300809239037335,18.01031494140625,warmup
23.350940811098553,18.01031494140625,warmup
23.401340092066675,18.01031494140625,warmup
23.45145695807878,18.01031494140625,warmup
23.5015689850552,18.01031494140625,warmup
23.551681687007658,18.01031494140625,warmup
23.60179797699675,18.01031494140625,warmup
23.651912320056,18.01031494140625,warmup
23.70202849607449,18.01031494140625,warmup
23.752142272074707,18.01031494140625,warmup
23.802262254990637,18.01031494140625,warmup
23.852385446080007,18.01031494140625,warmup
23.902498958050273,18.01031494140625,warmup
23.952667578007095,18.01031494140625,warmup
24.00278719002381,18.01031494140625,warmup
24.052901933086105,18.01031494140625,warmup
24.103017273009755,18.01031494140625,warmup
24.15316637000069,18.01031494140625,warmup
24.20329140208196,18.01031494140625,warmup
24.253403684007935,18.01031494140625,warmup
24.30352927406784,18.01031494140625,warmup
24.35364011710044,18.01031494140625,warmup
24.40374973404687,18.01031494140625,warmup
24.453868365031667,18.01031494140625,warmup
24.50399257207755,18.01031494140625,warmup
24.554543761070818,18.01031494140625,warmup
24.60466075805016,18.01031494140625,warmup
24.65477678005118,18.01031494140625,warmup
24.70489280705806,18.01031494140625,warmup
24.755004488048144,18.01031494140625,warmup
24.80518916901201,18.01031494140625,warmup
24.856657971045934,18.01031494140625,warmup
24.907328641042113,18.01031494140625,warmup
24.95743961306289,18.01031494140625,warmup
25.007583588012494,18.01031494140625,warmup
25.05770702008158,18.01031494140625,warmup
25.10781986801885,18.01031494140625,warmup
25.157937145093456,18.01031494140625,warmup
25.20804861106444,18.01031494140625,warmup
25.25815607700497,18.01031494140625,warmup
25.308285878039896,18.01031494140625,warmup
25.358399460092187,18.01031494140625,warmup
25.40851800108794,18.01031494140625,warmup
25.45862956403289,18.01031494140625,warmup
25.50874305004254,18.01031494140625,warmup
25.55885522707831,18.01031494140625,warmup
25.60896953404881,18.01031494140625,warmup
25.659097139025107,18.01031494140625,warmup
25.70921216206625,18.01031494140625,warmup
25.75932577403728,18.01031494140625,warmup
25.809439280070364,18.01031494140625,warmup
25.859549957094714,18.01031494140625,warmup
25.909661377081648,18.01031494140625,warmup
25.959775140043348,18.01031494140625,warmup
26.009892580099404,18.01031494140625,warmup
26.060005412087776,18.01031494140625,warmup
26.110121495090425,18.01031494140625,warmup
26.16023811500054,18.01031494140625,warmup
26.21035556308925,18.01031494140625,warmup
26.26048024906777,18.01031494140625,warmup
26.31059304601513,18.01031494140625,warmup
26.36070505809039,18.01031494140625,warmup
26.410813863039948,18.01031494140625,warmup
26.460924300015904,18.01031494140625,warmup
26.511043776990846,18.01031494140625,warmup
26.561161814024672,18.01031494140625,steady_train
26.611277700052597,18.01031494140625,steady_train
26.661403641104698,18.01031494140625,steady_train
26.71162816300057,18.01031494140625,steady_train
26.761922984034754,18.01031494140625,steady_train
26.812065365025774,18.01031494140625,steady_train
26.86218622303568,18.01031494140625,steady_train
26.913128446089104,18.01031494140625,steady_train
26.963241337100044,18.01031494140625,steady_train
27.013357700081542,18.01031494140625,steady_train
27.064508257084526,18.01031494140625,steady_train
27.114678273093887,18.01031494140625,steady_train
27.1647929410683,18.01031494140625,steady_train
27.21490420110058,18.01031494140625,steady_train
27.26501440803986,18.01031494140625,steady_train
27.315124945016578,18.01031494140625,steady_train
27.365233082091436,18.01031494140625,steady_train
27.415344203007407,18.01031494140625,steady_train
27.465457905083895,18.01031494140625,steady_train
27.51557078200858,18.01031494140625,steady_train
27.56568444299046,18.01031494140625,steady_train
27.616020535002463,18.01031494140625,steady_train
27.666133151040412,18.01031494140625,steady_train
27.716252876096405,18.01031494140625,steady_train
27.766366749070585,18.01031494140625,steady_train
27.816480046021752,18.01031494140625,steady_train
27.866595181054436,18.01031494140625,steady_train
27.916708664037287,18.01031494140625,steady_train
27.966825835057534,18.01031494140625,steady_train
28.016940886038356,18.01031494140625,steady_train
28.06705986300949,18.01031494140625,steady_train
28.11717702902388,18.01031494140625,steady_train
28.16729153203778,18.01031494140625,steady_train
28.2174062730046,18.01031494140625,steady_train
28.267546490067616,18.01031494140625,steady_train
28.317661465029232,18.01031494140625,steady_train
28.367774127051234,18.01031494140625,steady_train
28.41788403899409,18.01031494140625,steady_train
28.46799524105154,18.01031494140625,steady_train
28.51810165704228,18.01031494140625,steady_train
28.568210578989238,18.01031494140625,steady_train
28.618323156028055,18.01031494140625,steady_train
28.668435398023576,18.01031494140625,steady_train
28.71854852407705,18.01031494140625,steady_train
28.768661510082893,18.01031494140625,steady_train
28.81901740108151,18.01031494140625,steady_train
28.869172717095353,18.01031494140625,steady_train
28.91931252903305,18.01031494140625,steady_train
28.969422661000863,18.01031494140625,steady_train
29.019541107001714,18.01031494140625,steady_train
29.07006868708413,18.01031494140625,steady_train
29.12017904908862,18.01031494140625,steady_train
29.170538569102064,18.01031494140625,steady_train
29.220651251031086,18.01031494140625,steady_train
29.270760469022207,18.01031494140625,steady_train
29.32087044499349,18.01031494140625,steady_train
29.370983822038397,18.01031494140625,steady_train
29.42110295407474,18.01031494140625,steady_train
29.471214769990183,18.01031494140625,steady_train
29.521327782073058,18.01031494140625,steady_train
29.57144909305498,18.01031494140625,steady_train
29.621585110086016,18.01031494140625,steady_train
29.671696251025423,18.01031494140625,steady_train
29.72180674201809,18.01031494140625,steady_train
29.771918914048,18.01031494140625,steady_train
29.822047460009344,18.01031494140625,steady_train
29.87216005299706,18.01031494140625,steady_train
29.922275452991016,18.01031494140625,steady_train
29.972389589995146,18.01031494140625,steady_train
30.02250179706607,18.01031494140625,steady_train
30.072621318046004,18.01031494140625,steady_train
30.122734706033953,18.01031494140625,steady_train
30.17284772207495,18.01031494140625,steady_train
30.222959303995594,18.01031494140625,steady_train
30.273074379074387,18.01031494140625,steady_train
30.323187572066672,18.01031494140625,steady_train
30.373418333008885,18.01031494140625,steady_train
30.423544944031164,18.01031494140625,steady_train
30.473654491011985,18.01031494140625,steady_train
30.523763793054968,18.01031494140625,steady_train
30.573881794000044,18.01031494140625,steady_train
30.624006510013714,18.01031494140625,steady_train
30.674124271026812,18.01031494140625,steady_train
30.724238074035384,18.01031494140625,steady_train
30.774353881017305,18.01031494140625,steady_train
30.824466987047344,18.01031494140625,steady_train
30.874579244060442,18.01031494140625,steady_train
30.925866465084255,18.01031494140625,steady_train
30.977383728022687,18.01031494140625,steady_train
31.027494569076225,18.01031494140625,steady_train
31.077616571099497,18.01031494140625,steady_train
31.12772626709193,18.01031494140625,steady_train
31.177844100049697,18.01031494140625,steady_train
31.227958795032464,18.01031494140625,steady_train
31.27807153807953,18.01031494140625,steady_train
31.328182934084907,18.01031494140625,steady_train
31.37829625105951,18.01031494140625,steady_train
31.42841282300651,18.01031494140625,steady_train
31.478533403016627,18.01031494140625,steady_train
31.52864464605227,18.01031494140625,steady_train
31.578755522030406,18.01031494140625,steady_train
31.62886826309841,18.01031494140625,steady_train
31.67897983500734,18.01031494140625,steady_train
31.72909224103205,18.01031494140625,steady_train
31.779204518068582,18.01031494140625,steady_train
31.829322485020384,18.01031494140625,steady_train
31.879442392033525,18.01031494140625,steady_train
31.92955417302437,18.01031494140625,steady_train
31.97967074008193,18.01031494140625,steady_train
32.029785596067086,18.01031494140625,steady_train
32.079899033065885,18.01031494140625,steady_train
32.13001458009239,18.01031494140625,steady_train
32.18013722600881,18.01031494140625,steady_train
32.230260177049786,18.01031494140625,steady_train
32.280382313998416,18.01031494140625,steady_train
32.33050111599732,18.01031494140625,steady_train
32.38063773699105,18.01031494140625,steady_train
32.43075648404192,18.01031494140625,steady_train
32.4808766359929,18.01031494140625,steady_train
32.53099335206207,18.01031494140625,steady_train
32.581107338075526,18.01031494140625,steady_train
32.63122312002815,18.01031494140625,steady_train
32.68133614608087,18.01031494140625,steady_train
32.73145323304925,18.01031494140625,steady_train
32.78157944907434,18.01031494140625,steady_train
32.8316951720044,18.01031494140625,steady_train
32.8826148849912,18.01031494140625,steady_train
32.932731357053854,18.01031494140625,steady_train
32.982850013067946,18.01031494140625,steady_train
33.032965139020234,18.01031494140625,steady_train
33.08308998099528,18.01031494140625,steady_train
33.13323251809925,18.01031494140625,steady_train
33.18334671400953,18.01031494140625,steady_train
33.233460062067024,18.01031494140625,steady_train
33.283578741014935,18.01031494140625,steady_train
33.33370228402782,18.01031494140625,steady_train
33.38381885609124,18.01031494140625,steady_train
33.43425139703322,18.01031494140625,steady_train
33.48436546209268,18.01031494140625,steady_train
33.534478905028664,18.01031494140625,steady_train
33.58459201606456,18.01031494140625,steady_train
33.63470828800928,18.01031494140625,steady_train
33.68485162802972,18.01031494140625,steady_train
33.73496521101333,18.01031494140625,steady_train
33.785080738016404,18.01031494140625,steady_train
33.835196968051605,18.01031494140625,steady_train
33.88533363607712,18.01031494140625,steady_train
33.935447256080806,18.01031494140625,steady_train
33.98556411906611,18.01031494140625,steady_train
34.035675770021044,18.01031494140625,steady_train
34.08578934601974,18.01031494140625,steady_train
34.13590163807385,18.01031494140625,steady_train
34.18601712002419,18.01031494140625,steady_train
34.23613244201988,18.01031494140625,steady_train
34.28624658705667,18.01031494140625,steady_train
34.33635974605568,18.01031494140625,steady_train
34.386473776074126,18.01031494140625,steady_train
34.436588632059284,18.01031494140625,steady_train
34.48670326999854,18.01031494140625,steady_train
34.536820511100814,18.01031494140625,steady_train
34.586931847035885,18.01031494140625,steady_train
34.63704166410025,18.01031494140625,steady_train
34.687157139997,18.01031494140625,steady_train
34.737268951023,18.01031494140625,steady_train
34.78738160803914,18.01031494140625,steady_train
34.83749820000958,18.01031494140625,steady_train
34.88762921199668,18.01031494140625,steady_train
34.93774256808683,18.01031494140625,steady_train
34.98785927507561,18.01031494140625,steady_train
35.03800900699571,18.01031494140625,steady_train
35.08813970000483,18.01031494140625,steady_train
35.13825563003775,18.01031494140625,steady_train
35.18837054108735,18.01031494140625,steady_train
35.238483052002266,18.01031494140625,steady_train
35.28983364999294,18.01031494140625,steady_train
35.33994579606224,18.01031494140625,steady_train
35.39036549604498,18.01031494140625,steady_train
35.44048501807265,18.01031494140625,steady_train
35.490600000019185,18.01031494140625,steady_train
35.54071042104624,18.01031494140625,steady_train
35.59084640303627,18.01031494140625,steady_train
35.64096881903242,18.01031494140625,steady_train
35.6910850610584,18.01031494140625,steady_train
35.741196062997915,18.01031494140625,steady_train
35.79131021909416,18.01031494140625,steady_train
35.84142640605569,18.01031494140625,steady_train
35.89154496602714,18.01031494140625,steady_train
35.941654713009484,18.01031494140625,steady_train
35.991768834064715,18.01031494140625,steady_train
36.041882431018166,18.01031494140625,steady_train
36.09199356206227,18.01031494140625,steady_train
36.14210637006909,18.01031494140625,steady_train
36.1922168090241,18.01031494140625,steady_train
36.242334168055095,18.01031494140625,steady_train
36.29244846908841,18.01031494140625,steady_train
36.34256178000942,18.01031494140625,steady_train
36.39267590304371,18.01031494140625,steady_train
36.4427890580846,18.01031494140625,steady_train
36.492901455028914,18.01031494140625,steady_train
36.54301409807522,18.01031494140625,steady_train
36.593130533001386,18.01031494140625,steady_train
36.643248934997246,18.01031494140625,steady_train
36.693364032078534,18.01031494140625,steady_train
36.7434784140205,18.01031494140625,steady_train
36.79359708400443,18.01031494140625,steady_train
36.84371144208126,18.01031494140625,steady_train
36.893826459068805,18.01031494140625,steady_train
36.943937030038796,18.01031494140625,steady_train
36.99405277101323,18.01031494140625,steady_train
37.0441681680968,18.01031494140625,steady_train
37.09428178507369,18.01031494140625,steady_train
37.14439413102809,18.01031494140625,steady_train
37.19458371703513,18.01031494140625,steady_train
37.245234362082556,18.01031494140625,steady_train
37.295344833051786,18.01031494140625,steady_train
37.345506443991326,18.01031494140625,steady_train
37.39563199109398,18.01031494140625,steady_train
37.44574278802611,18.01031494140625,steady_train
37.49585734005086,18.01031494140625,steady_train
37.546953467070125,18.01031494140625,steady_train
37.597065725014545,18.01031494140625,steady_train
37.647177471080795,18.01031494140625,steady_train
37.69728929805569,18.01031494140625,steady_train
37.74740376905538,18.01031494140625,steady_train
37.797526216018014,18.01031494140625,steady_train
37.84764005802572,18.01031494140625,steady_train
37.89775288908277,18.01031494140625,steady_train
37.9478640910238,18.01031494140625,steady_train
37.99799320299644,18.01031494140625,steady_train
38.04870182205923,18.01031494140625,steady_train
38.0988166090101,18.01031494140625,steady_train
38.14892973401584,18.01031494140625,steady_train
38.19904484599829,18.01031494140625,steady_train
38.24915821303148,18.01031494140625,steady_train
38.299271215102635,18.01031494140625,steady_train
38.349384461995214,18.01031494140625,steady_train
38.39949812204577,18.01031494140625,steady_train
38.44962679501623,18.01031494140625,steady_train
38.49974711006507,18.01031494140625,steady_train
38.549863017047755,18.01031494140625,steady_train
38.59998038306367,18.01031494140625,steady_train
38.650095565011725,18.01031494140625,steady_train
38.700208606082015,18.01031494140625,steady_train
38.75032171304338,18.01031494140625,steady_train
38.80043248704169,18.01031494140625,steady_train
38.85054384707473,18.01031494140625,steady_train
38.90065685403533,18.01031494140625,steady_train
38.950766749097966,18.01031494140625,steady_train
39.00088009110186,18.01031494140625,steady_train
39.050991688040085,18.01031494140625,steady_train
39.10147739900276,18.01031494140625,steady_train
39.151616025017574,18.01031494140625,steady_train
39.20173615706153,18.01031494140625,steady_train
39.25184958206955,18.01031494140625,steady_train
39.3019629700575,18.01031494140625,steady_train
39.35207743605133,18.01031494140625,steady_train
39.40218855708372,18.01031494140625,steady_train
39.452299969037995,18.01031494140625,steady_train
39.50241293606814,18.01031494140625,steady_train
39.5525748480577,18.01031494140625,steady_train
39.6026919730939,18.01031494140625,steady_train
39.6528024750296,18.01031494140625,steady_train
39.70307697704993,18.01031494140625,steady_train
39.75318598805461,18.01031494140625,steady_train
39.80329755006824,18.01031494140625,steady_train
39.85340796003584,18.01031494140625,steady_train
39.90353541704826,18.01031494140625,steady_train
39.95364922902081,18.01031494140625,steady_train
40.00376450503245,18.01031494140625,steady_train
40.053878228063695,18.01031494140625,steady_train
40.103993723052554,18.01031494140625,steady_train
40.154110405012034,18.01031494140625,steady_train
40.20422486204188,18.01031494140625,steady_train
40.25433998403605,18.01031494140625,steady_train
40.30445440404583,18.01031494140625,steady_train
40.35456918703858,18.01031494140625,steady_train
40.404684622073546,18.01031494140625,steady_train
40.45479919400532,18.01031494140625,steady_train
40.5049142310163,18.01031494140625,steady_train
40.555028658011,18.01031494140625,steady_train
40.60514475905802,18.01031494140625,steady_train
40.655299435020424,18.01031494140625,steady_train
40.705420953105204,18.01031494140625,steady_train
40.7555787130259,18.01031494140625,steady_train
40.80569964007009,18.01031494140625,steady_train
40.85581046203151,18.01031494140625,steady_train
40.90592606307473,18.01031494140625,steady_train
40.95603669399861,18.01031494140625,steady_train
41.006153677008115,18.01031494140625,steady_train
41.056269853026606,18.01031494140625,steady_train
41.106385570019484,18.01031494140625,steady_train
41.156499595032074,18.01031494140625,steady_train
41.2066266980255,18.01031494140625,steady_train
41.25674059800804,18.01031494140625,steady_train
41.306854885071516,18.01031494140625,steady_train
41.35707010200713,18.01031494140625,steady_train
41.407182738999836,18.01031494140625,steady_train
41.457295895088464,18.01031494140625,steady_train
41.50740811205469,18.01031494140625,steady_train
41.55753358406946,18.01031494140625,steady_train
41.60768827004358,18.01031494140625,steady_train
41.65780211600941,18.01031494140625,steady_train
41.707914632046595,18.01031494140625,steady_train
41.758027484989725,18.01031494140625,steady_train
41.808154771104455,18.01031494140625,steady_train
41.8582799670985,18.01031494140625,steady_train
41.90839583601337,18.01031494140625,steady_train
41.95850941503886,18.01031494140625,steady_train
42.008633677032776,18.01031494140625,steady_train
42.05876296304632,18.01031494140625,steady_train
42.108878200058825,18.01031494140625,steady_train
42.15899375604931,18.01031494140625,steady_train
42.209107717033476,18.01031494140625,steady_train
42.25922459899448,18.01031494140625,steady_train
42.30933936603833,18.01031494140625,steady_train
42.35945022699889,18.01031494140625,steady_train
42.40956453001127,18.01031494140625,steady_train
42.45987836504355,18.01031494140625,steady_train
42.50999492709525,18.01031494140625,steady_train
42.56010876700748,18.01031494140625,steady_train
42.61056941410061,18.01031494140625,steady_train
42.66097866301425,18.01031494140625,steady_train
42.71108757099137,18.01031494140625,steady_train
42.76119871204719,18.01031494140625,steady_train
42.8113122790819,18.01031494140625,steady_train
42.861427495023236,18.01031494140625,steady_train
42.9115457670996,18.01031494140625,steady_train
42.96165744808968,18.01031494140625,steady_train
43.011767419055104,18.01031494140625,steady_train
43.06188017607201,18.01031494140625,steady_train
43.112013787031174,18.01031494140625,steady_train
43.162141300039366,18.01031494140625,steady_train
43.21274012001231,18.01031494140625,steady_train
43.26429146702867,18.01031494140625,steady_train
43.31440687808208,18.01031494140625,steady_train
43.36453262006398,18.01031494140625,steady_train
43.41464310104493,18.01031494140625,steady_train
43.464754362008534,18.01031494140625,steady_train
43.515981064061634,18.01031494140625,steady_train
43.567232057102956,18.01031494140625,steady_train
43.61734445404727,18.01031494140625,steady_train
43.6674559910316,18.01031494140625,steady_train
43.717590898042545,18.01031494140625,steady_train
43.76770687010139,18.01031494140625,steady_train
43.81782981008291,18.01031494140625,steady_train
43.867949492065236,18.01031494140625,steady_train
43.918061529053375,18.01031494140625,steady_train
43.968199575087056,18.01031494140625,steady_train
44.018314691027626,18.01031494140625,steady_train
44.06843051908072,18.01031494140625,steady_train
44.118543779011816,18.01031494140625,steady_train
44.16865834710188,18.01031494140625,steady_train
44.218769608065486,18.01031494140625,steady_train
44.268884510034695,18.01031494140625,steady_train
44.318999501061626,18.01031494140625,steady_train
44.36911086109467,18.01031494140625,steady_train
44.41921510908287,18.01031494140625,steady_train
44.469327700091526,18.01031494140625,steady_train
44.51944042707328,18.01031494140625,steady_train
44.56955686409492,18.01031494140625,steady_train
44.61968019499909,18.01031494140625,steady_train
44.66979739104863,18.01031494140625,steady_train
44.71991457801778,18.01031494140625,steady_train
44.770027115009725,18.01031494140625,steady_train
44.82014442700893,18.01031494140625,steady_train
44.87025999207981,18.01031494140625,steady_train
44.920384030090645,18.01031494140625,steady_train
44.970495906076394,18.01031494140625,steady_train
45.0206504430389,18.01031494140625,steady_train
45.070762674091384,18.01031494140625,steady_train
45.12087435100693,18.01031494140625,steady_train
45.17098438204266,18.01031494140625,steady_train
45.2210953530157,18.01031494140625,steady_train
45.27120651002042,18.01031494140625,steady_train
45.321322921081446,18.01031494140625,steady_train
45.372541659045964,18.01031494140625,steady_train
45.422652186010964,18.01031494140625,steady_train
45.47276065708138,18.01031494140625,steady_train
45.5228721590247,18.01031494140625,steady_train
45.57305410108529,18.01031494140625,steady_train
45.623165997094475,18.01031494140625,steady_train
45.67327643907629,18.01031494140625,steady_train
45.72472193103749,18.01031494140625,steady_train
45.77483446302358,18.01031494140625,steady_train
45.824946844018996,18.01031494140625,steady_train
45.87505598005373,18.01031494140625,steady_train
45.92516595602501,18.01031494140625,steady_train
45.975279423058964,18.01031494140625,steady_train
46.025392750045285,18.01031494140625,steady_train
46.07627829909325,18.01031494140625,steady_train
46.126390940044075,18.01031494140625,steady_train
46.17652885708958,18.01031494140625,steady_train
46.226641569053754,18.01031494140625,steady_train
46.27675696008373,18.01031494140625,steady_train
46.326872761012055,18.01031494140625,steady_train
46.37698331801221,18.01031494140625,steady_train
46.42709613009356,18.01031494140625,steady_train
46.47837614209857,18.01031494140625,steady_train
46.52849219401833,18.01031494140625,steady_train
46.578612480079755,18.01031494140625,steady_train
46.62872831709683,18.01031494140625,steady_train
46.67884423804935,18.01031494140625,steady_train
46.72895806399174,18.01031494140625,steady_train
46.779072067001835,18.01031494140625,steady_train
46.82918909704313,18.01031494140625,steady_train
46.879302915069275,18.01031494140625,steady_train
46.92941644706298,18.01031494140625,steady_train
46.9795725280419,18.01031494140625,steady_train
47.02968707308173,18.01031494140625,steady_train
47.07979625102598,18.01031494140625,steady_train
47.12990521709435,18.01031494140625,steady_train
47.18001799401827,18.01031494140625,steady_train
47.23012939002365,18.01031494140625,steady_train
47.28024392109364,18.01031494140625,steady_train
47.330356534104794,18.01031494140625,steady_train
47.3804707051022,18.01031494140625,steady_train
47.43060714600142,18.01031494140625,steady_train
47.48072550201323,18.01031494140625,steady_train
47.530838249018416,18.01031494140625,steady_train
47.58095276507083,18.01031494140625,steady_train
47.63106395804789,18.01031494140625,steady_train
47.681175798992626,18.01031494140625,steady_train
47.73128757602535,18.01031494140625,steady_train
47.78208676003851,18.01031494140625,steady_train
47.832202424062416,18.01031494140625,steady_train
47.88231645303313,18.01031494140625,steady_train
47.932426979066804,18.01031494140625,steady_train
47.9825504909968,18.01031494140625,steady_train
48.032667947001755,18.01031494140625,steady_train
48.08279892907012,18.01031494140625,steady_train
48.1329130360391,18.01031494140625,steady_train
48.18303423700854,18.01031494140625,steady_train
48.233152083004825,18.01031494140625,steady_train
48.2832803290803,18.01031494140625,steady_train
48.333400906063616,18.01031494140625,steady_train
48.38352748705074,18.01031494140625,steady_train
48.43364038004074,18.01031494140625,steady_train
48.48395145102404,18.01031494140625,steady_train
48.53406337206252,18.01031494140625,steady_train
48.58417758299038,18.01031494140625,steady_train
48.63429125898983,18.01031494140625,steady_train
48.6844051660737,18.01031494140625,steady_train
48.73454971401952,18.01031494140625,steady_train
48.78466505405959,18.01031494140625,steady_train
48.834780185017735,18.01031494140625,steady_train
48.88489470805507,18.01031494140625,steady_train
48.93500943807885,18.01031494140625,steady_train
48.9851235760143,18.01031494140625,steady_train
49.03523952199612,18.01031494140625,steady_train
49.085367538034916,18.01031494140625,steady_train
49.13548113103025,18.01031494140625,steady_train
49.18559638201259,18.01031494140625,steady_train
49.23570887406822,18.01031494140625,steady_train
49.2858225191012,18.01031494140625,steady_train
49.335935481009074,18.01031494140625,steady_train
49.38604554801714,18.01031494140625,steady_train
49.43615929502994,18.01031494140625,steady_train
49.48627218103502,18.01031494140625,steady_train
49.53638611303177,18.01031494140625,steady_train
49.58650130801834,18.01031494140625,steady_train
49.63665981509257,18.01031494140625,steady_train
49.68821234710049,18.01031494140625,steady_train
49.73832998308353,18.01031494140625,steady_train
49.788478192989714,18.01031494140625,steady_train
49.838595551089384,18.01031494140625,steady_train
49.88870766700711,18.01031494140625,steady_train
49.938820859999396,18.01031494140625,steady_train
49.989982072031125,18.01031494140625,steady_train
50.04009272903204,18.01031494140625,steady_train
50.090208131005056,18.01031494140625,steady_train
50.14032274798956,18.01031494140625,steady_train
50.19043944403529,18.01031494140625,steady_train
50.24055649503134,18.01031494140625,steady_train
50.290681672049686,18.01031494140625,steady_train
50.34079738310538,18.01031494140625,steady_train
50.39091051905416,18.01031494140625,steady_train
50.441023602033965,18.01031494140625,steady_train
50.491161398007534,18.01031494140625,steady_train
50.54128811904229,18.01031494140625,steady_train
50.59140419506002,18.01031494140625,steady_train
50.641548397019506,18.01031494140625,steady_train
50.6916641240241,18.01031494140625,steady_train
50.74177928105928,18.01031494140625,steady_train
50.79189255600795,18.01031494140625,steady_train
50.84200442803558,18.01031494140625,steady_train
50.89211808005348,18.01031494140625,steady_train
50.94223066710401,18.01031494140625,steady_train
50.992348372004926,18.01031494140625,steady_train
51.04246318002697,18.01031494140625,steady_train
51.09257683507167,18.01031494140625,steady_train
51.142694927053526,18.01031494140625,steady_train
51.19280839408748,18.01031494140625,steady_train
51.24292194109876,18.01031494140625,steady_train
51.29303607204929,18.01031494140625,steady_train
51.343145499005914,18.01031494140625,steady_train
51.393273554043844,18.01031494140625,steady_train
51.443376517039724,18.01031494140625,steady_train
51.49347853905056,18.01031494140625,steady_train
51.543614284018986,18.01031494140625,steady_train
51.59502563206479,18.01031494140625,steady_train
51.64514009805862,18.01031494140625,steady_train
51.69525178906042,18.01031494140625,steady_train
51.74536420207005,18.01031494140625,steady_train
51.7957186170388,18.01031494140625,steady_train
51.84583162807394,18.01031494140625,steady_train
51.8959439600585,18.01031494140625,steady_train
51.94729963201098,18.01031494140625,steady_train
51.997413909994066,18.01031494140625,steady_train
52.04754120099824,18.01031494140625,steady_train
52.09768811799586,18.01031494140625,steady_train
52.14924185909331,18.01031494140625,steady_train
52.19935638108291,18.01031494140625,steady_train
52.24946732702665,18.01031494140625,steady_train
52.29967623704579,18.01031494140625,steady_train
52.34981522907037,18.01031494140625,steady_train
52.39994446001947,18.01031494140625,steady_train
52.45006837300025,18.01031494140625,steady_train
52.50019651907496,18.01031494140625,steady_train
52.55033455102239,18.01031494140625,steady_train
52.60045700205956,18.01031494140625,steady_train
52.650568284094334,18.01031494140625,steady_train
52.701034089084715,18.01031494140625,steady_train
52.75114597508218,18.01031494140625,steady_train
52.80126000207383,18.01031494140625,steady_train
52.8513721190393,18.01031494140625,steady_train
52.901483665104024,18.01031494140625,steady_train
52.95159499102738,18.01031494140625,steady_train
53.00171066308394,18.01031494140625,steady_train
53.05182738509029,18.01031494140625,steady_train
53.10194389009848,18.01031494140625,steady_train
53.152058623032644,18.01031494140625,steady_train
53.20217119308654,18.01031494140625,steady_train
53.25228211109061,18.01031494140625,steady_train
53.302394097088836,18.01031494140625,steady_train
53.35250575304963,18.01031494140625,steady_train
53.40262667404022,18.01031494140625,steady_train
53.45273840101436,18.01031494140625,steady_train
53.50285505701322,18.01031494140625,steady_train
53.55296831403393,18.01031494140625,steady_train
53.60308125510346,18.01031494140625,steady_train
53.65319606708363,18.01031494140625,steady_train
53.703387813060544,18.01031494140625,steady_train
53.75350835605059,18.01031494140625,steady_train
53.80363215110265,18.01031494140625,steady_train
53.85374567809049,18.01031494140625,steady_train
53.9038596090395,18.01031494140625,steady_train
53.95451503107324,18.01031494140625,steady_train
54.004615176003426,18.01031494140625,steady_train
54.054833352100104,18.01031494140625,steady_train
54.10494724404998,18.01031494140625,steady_train
54.15505926508922,18.01031494140625,steady_train
54.20517221605405,18.01031494140625,steady_train
54.25539743807167,18.01031494140625,steady_train
54.30553473904729,18.01031494140625,steady_train
54.35566306009423,18.01031494140625,steady_train
54.40577596903313,18.01031494140625,steady_train
54.45589399302844,18.01031494140625,steady_train
54.50601973605808,18.01031494140625,steady_train
54.55613116710447,18.01031494140625,steady_train
54.606247269082814,18.01031494140625,steady_train
54.656364444992505,18.01031494140625,steady_train
54.7064826519927,18.01031494140625,steady_train
54.75659807003103,18.01031494140625,steady_train
54.806713599013165,18.01031494140625,steady_train
54.85682743100915,18.01031494140625,steady_train
54.90694478806108,18.01031494140625,steady_train
54.95706042309757,18.01031494140625,steady_train
55.00717516604345,18.01031494140625,steady_train
55.05728895601351,18.01031494140625,steady_train
55.10740228800569,18.01031494140625,steady_train
55.1575241900282,18.01031494140625,steady_train
55.20763670699671,18.01031494140625,steady_train
55.25781362305861,18.01031494140625,steady_train
55.30793374904897,18.01031494140625,steady_train
55.358045631088316,18.01031494140625,steady_train
55.408157292054966,18.01031494140625,steady_train
55.45826993905939,18.01031494140625,steady_train
55.50837956601754,18.01031494140625,steady_train
55.55849546205718,18.01031494140625,steady_train
55.608632748015225,18.01031494140625,steady_train
55.658770374022424,18.01031494140625,steady_train
55.70889091701247,18.01031494140625,steady_train
55.75900563306641,18.01031494140625,steady_train
55.80912506999448,18.01031494140625,steady_train
55.85923617507797,18.01031494140625,steady_train
55.9093951220857,18.01031494140625,steady_train
55.96064375899732,18.01031494140625,steady_train
56.011725259013474,18.01031494140625,steady_train
56.06183757900726,18.01031494140625,steady_train
56.111950231017545,18.01031494140625,steady_train
56.1620678830659,18.01031494140625,steady_train
56.21221201005392,18.01031494140625,steady_train
56.26232858002186,18.01031494140625,steady_train
56.31243962806184,18.01031494140625,steady_train
56.36255136807449,18.01031494140625,steady_train
56.41266701510176,18.01031494140625,steady_train
56.462787882075645,18.01031494140625,steady_train
56.512904914096,18.01031494140625,steady_train
56.563017620006576,18.01031494140625,steady_train
56.61313603108283,18.01031494140625,steady_train
56.66325272805989,18.01031494140625,steady_train
56.7133696700912,18.01031494140625,steady_train
56.763487976044416,18.01031494140625,steady_train
56.81364094710443,18.01031494140625,steady_train
56.86376476904843,18.01031494140625,steady_train
56.91388490109239,18.01031494140625,steady_train
56.96399664203636,18.01031494140625,steady_train
57.01411033899058,18.01031494140625,steady_train
57.06422288902104,18.01031494140625,steady_train
57.11433338106144,18.01031494140625,steady_train
57.164448747062124,18.01031494140625,steady_train
57.21456363401376,18.01031494140625,steady_train
57.264677935047075,18.01031494140625,steady_train
57.31583484902512,18.01031494140625,steady_train
57.3659495760221,18.01031494140625,steady_train
57.416063251090236,18.01031494140625,steady_train
57.46617508307099,18.01031494140625,steady_train
57.516286520054564,18.01031494140625,steady_train
57.566397301037796,18.01031494140625,steady_train
57.61652534804307,18.01031494140625,steady_train
57.666650515049696,18.01031494140625,steady_train
57.71676767501049,18.01031494140625,steady_train
57.76690410205629,18.01031494140625,steady_train
57.81811845500488,18.01031494140625,steady_train
57.86823129106779,18.01031494140625,steady_train
57.918344147037715,18.01031494140625,steady_train
57.9684561539907,18.01031494140625,steady_train
58.01860015501734,18.01031494140625,steady_train
58.06871165300254,18.01031494140625,steady_train
58.118822438060306,18.01031494140625,steady_train
58.17015955608804,18.01031494140625,steady_train
58.220275228028186,18.01031494140625,steady_train
58.2703841390321,18.01031494140625,steady_train
58.32049703109078,18.01031494140625,steady_train
58.370620658039115,18.01031494140625,steady_train
58.42073130805511,18.01031494140625,steady_train
58.47085854609031,18.01031494140625,steady_train
58.522170297103,18.01031494140625,steady_train
58.572311484022066,18.01031494140625,steady_train
58.62243784009479,18.01031494140625,steady_train
58.67255069303792,18.01031494140625,steady_train
58.722680249018595,18.01031494140625,steady_train
58.772808941081166,18.01031494140625,steady_train
58.82292837102432,18.01031494140625,steady_train
58.873040344100446,18.01031494140625,steady_train
58.923152980045415,18.01031494140625,steady_train
58.97326737106778,18.01031494140625,steady_train
59.02338376804255,18.01031494140625,steady_train
59.07349660503678,18.01031494140625,steady_train
59.123621896025725,18.01031494140625,steady_train
59.1737351170741,18.01031494140625,steady_train
59.2238481430104,18.01031494140625,steady_train
59.273961916100234,18.01031494140625,steady_train
59.324074697098695,18.01031494140625,steady_train
59.37418865808286,18.01031494140625,steady_train
59.42430397507269,18.01031494140625,steady_train
59.474417387042195,18.01031494140625,steady_train
59.524542143102735,18.01031494140625,steady_train
59.57465160009451,18.01031494140625,steady_train
59.624766366090626,18.01031494140625,steady_train
59.674879392026924,18.01031494140625,steady_train
59.72499472904019,18.01031494140625,steady_train
59.77511112007778,18.01031494140625,steady_train
59.825225086999126,18.01031494140625,steady_train
59.87662202399224,18.01031494140625,steady_train
59.92673435108736,18.01031494140625,steady_train
59.976848972029984,18.01031494140625,steady_train
60.02696211799048,18.01031494140625,steady_train
60.07707312901039,18.01031494140625,steady_train
60.12718391709495,18.01031494140625,steady_train
60.17730000708252,18.01031494140625,steady_train
60.22741194907576,18.01031494140625,steady_train
60.277535300003365,18.01031494140625,steady_train
60.32765134202782,18.01031494140625,steady_train
60.37776434409898,18.01031494140625,steady_train
60.42787523102015,18.01031494140625,steady_train
60.477988801081665,18.01031494140625,steady_train
60.52810635906644,18.01031494140625,steady_train
60.57821936008986,18.01031494140625,steady_train
60.62832995702047,18.01031494140625,steady_train
60.678443017066456,18.01031494140625,steady_train
60.72855812404305,18.01031494140625,steady_train
60.778662502067164,18.01031494140625,steady_train
60.828776472015306,18.01031494140625,steady_train
60.87889111810364,18.01031494140625,steady_train
60.929002796066925,18.01031494140625,steady_train
60.97911253804341,18.01031494140625,steady_train
61.02922182902694,18.01031494140625,steady_train
61.07932901009917,18.01031494140625,steady_train
61.12944035604596,18.01031494140625,steady_train
61.17955249210354,18.01031494140625,steady_train
61.22966325003654,18.01031494140625,steady_train
61.279774915077724,18.01031494140625,steady_train
61.3298893320607,18.01031494140625,steady_train
61.37999659799971,18.01031494140625,steady_train
61.430104366037995,18.01031494140625,steady_train
61.4802231680369,18.01031494140625,steady_train
61.530343274003826,18.01031494140625,steady_train
61.58045387908351,18.01031494140625,steady_train
61.63056353700813,18.01031494140625,steady_train
61.680675484007224,18.01031494140625,steady_train
61.73078945407178,18.01031494140625,steady_train
61.78090350609273,18.01031494140625,steady_train
61.83101969305426,18.01031494140625,steady_train
61.8811338590458,18.01031494140625,steady_train
61.93124870106112,18.01031494140625,steady_train
61.98136212199461,18.01031494140625,steady_train
62.03147546306718,18.01031494140625,steady_train
62.081595525029115,18.01031494140625,steady_train
62.13204709603451,18.01031494140625,steady_train
62.18215876701288,18.01031494140625,steady_train
62.23227160307579,18.01031494140625,steady_train
62.28239139006473,18.01031494140625,steady_train
62.33250431099441,18.01031494140625,steady_train
62.3826277370099,18.01031494140625,steady_train
62.432758609065786,18.01031494140625,steady_train
62.482876255060546,18.01031494140625,steady_train
62.53300484805368,18.01031494140625,steady_train
62.58311336906627,18.01031494140625,steady_train
62.63417946710251,18.01031494140625,steady_train
62.68429218803067,18.01031494140625,steady_train
62.73440707102418,18.01031494140625,steady_train
62.78454268106725,18.01031494140625,steady_train
62.83466821699403,18.01031494140625,steady_train
62.884787295013666,18.01031494140625,steady_train
62.93571770901326,18.01031494140625,steady_train
62.98583237500861,18.01031494140625,steady_train
63.035948806093074,18.01031494140625,steady_train
63.086065318086185,18.01031494140625,steady_train
63.13617962307762,18.01031494140625,steady_train
63.186293271020986,18.01031494140625,steady_train
63.236405722098425,18.01031494140625,steady_train
63.286529644043185,18.01031494140625,steady_train
63.33664574602153,18.01031494140625,steady_train
63.38675891701132,18.01031494140625,steady_train
63.43687922810204,18.01031494140625,steady_train
63.48699339502491,18.01031494140625,steady_train
63.53710626508109,18.01031494140625,steady_train
63.58722566301003,18.01031494140625,steady_train
63.63734325906262,18.01031494140625,steady_train
63.687461830093525,18.01031494140625,steady_train
63.73757487605326,18.01031494140625,steady_train
63.78769353800453,18.01031494140625,steady_train
63.83781933202408,18.01031494140625,steady_train
63.88796218705829,18.01031494140625,steady_train
63.938078418024816,18.01031494140625,steady_train
63.98880423803348,18.01031494140625,steady_train
64.03892158903182,18.01031494140625,steady_train
64.08903938508593,18.01031494140625,steady_train
64.13915328099392,18.01031494140625,steady_train
64.189310056041,18.01031494140625,steady_train
64.23947489901911,18.01031494140625,steady_train
64.28960863105021,18.01031494140625,steady_train
64.33972869708668,18.01031494140625,steady_train
64.38984516402707,18.01031494140625,steady_train
64.43996471608989,18.01031494140625,steady_train
64.49008168210275,18.01031494140625,steady_train
64.5415296430001,18.01031494140625,steady_train
64.59164520003833,18.01031494140625,steady_train
64.64176121703349,18.01031494140625,steady_train
64.69187812902965,18.01031494140625,steady_train
64.74201689905021,18.01031494140625,steady_train
64.79216037108563,18.01031494140625,steady_train
64.84228347300086,18.01031494140625,steady_train
64.89240112900734,18.01031494140625,steady_train
64.94253282609861,18.01031494140625,steady_train
64.99265818705317,18.01031494140625,steady_train
65.04277195804752,18.01031494140625,steady_train
65.09288456907962,18.01031494140625,steady_train
65.14299917710014,18.01031494140625,steady_train
65.19314311805647,18.01031494140625,steady_train
65.24325973610394,18.01031494140625,steady_train
65.29337451001629,18.01031494140625,steady_train
65.34349049709272,18.01031494140625,steady_train
65.39361537399236,18.01031494140625,steady_train
65.44373141007964,18.01031494140625,steady_train
65.49384725105483,18.01031494140625,steady_train
65.54396451706998,18.01031494140625,steady_train
65.5940821840195,18.01031494140625,steady_train
65.64419703104068,18.01031494140625,steady_train
65.69431240204722,18.01031494140625,steady_train
65.7444269930711,18.01031494140625,steady_train
65.79455005005002,18.01031494140625,steady_train
65.84466561605223,18.01031494140625,steady_train
65.89477720204741,18.01031494140625,steady_train
65.94489181099925,18.01031494140625,steady_train
65.99500595103018,18.01031494140625,steady_train
66.04512264207006,18.01031494140625,steady_train
66.09612016705796,18.01031494140625,steady_train
66.14623460709117,18.01031494140625,steady_train
66.19634859904181,18.01031494140625,steady_train
66.24646111007314,18.01031494140625,steady_train
66.29657442704774,18.01031494140625,steady_train
66.3466843990609,18.01031494140625,steady_train
66.39679716108367,18.01031494140625,steady_train
66.44828433205839,18.01031494140625,steady_train
66.49840596900322,18.01031494140625,steady_train
66.54853608901612,18.01031494140625,steady_train
66.59864935709629,18.01031494140625,steady_train
66.6487755170092,18.01031494140625,steady_train
66.6989092550939,18.01031494140625,steady_train
66.74902490107343,18.01031494140625,steady_train
66.79914631799329,18.01031494140625,steady_train
66.84926283406094,18.01031494140625,steady_train
66.89938116108533,18.01031494140625,steady_train
66.94950313109439,18.01031494140625,steady_train
66.9996461000992,18.01031494140625,steady_train
67.04975772008765,18.01031494140625,steady_train
67.0999021450989,18.01031494140625,steady_train
67.15009410306811,18.01031494140625,steady_train
67.20020705799107,18.01031494140625,steady_train
67.2503186550457,18.01031494140625,steady_train
67.30043080705218,18.01031494140625,steady_train
67.35054506908637,18.01031494140625,steady_train
67.40065707999747,18.01031494140625,steady_train
67.45077028009109,18.01031494140625,steady_train
67.50088224303909,18.01031494140625,steady_train
67.55099728400819,18.01031494140625,steady_train
67.60111175500788,18.01031494140625,steady_train
67.65122602100018,18.01031494140625,steady_train
67.70134258805774,18.01031494140625,steady_train
67.75149335002061,18.01031494140625,steady_train
67.80162666202523,18.01031494140625,steady_train
67.8517419520067,18.01031494140625,steady_train
67.90185429900885,18.01031494140625,steady_train
67.95196624100208,18.01031494140625,steady_train
68.00207727809902,18.01031494140625,between_stages
68.05219604307786,18.01031494140625,between_stages
68.10230757505633,18.01031494140625,between_stages
68.15241768606938,18.01031494140625,between_stages
68.20253391703591,18.01031494140625,between_stages
68.25264220905956,18.01031494140625,between_stages
68.53065198904369,18.01031494140625,between_stages
68.5807823620271,18.01031494140625,between_stages
68.63090068800375,18.01031494140625,between_stages
68.68101221800316,18.01031494140625,between_stages
68.73112188605592,18.01031494140625,between_stages
68.78123753808904,18.01031494140625,between_stages
68.83135354402475,18.01031494140625,between_stages
68.88761976407841,18.01031494140625,between_stages
68.93773853604216,18.01031494140625,between_stages
68.98785448807757,18.01031494140625,between_stages
69.03797173907515,18.01031494140625,between_stages
69.0880863959901,18.01031494140625,between_stages
69.13819885707926,18.01031494140625,between_stages
69.18832415307406,18.01031494140625,between_stages
69.23844043409918,18.01031494140625,between_stages
69.28855680604465,18.01031494140625,between_stages
69.33867156307679,18.01031494140625,between_stages
69.38879354810342,18.01031494140625,between_stages
69.4389029800659,18.01031494140625,between_stages
69.48902144702151,18.01031494140625,between_stages
69.5391387330601,18.01031494140625,between_stages
69.58925426006317,18.01031494140625,between_stages
69.63936726702377,18.01031494140625,between_stages
69.6894787180936,18.01031494140625,between_stages
69.74302617809735,18.01031494140625,between_stages
69.7931454339996,18.01031494140625,between_stages
69.84326672600582,18.01031494140625,between_stages
69.89337858208455,18.01031494140625,between_stages
69.94348524906673,18.01031494140625,between_stages
69.99745099199936,18.01031494140625,between_stages
70.04756964405533,18.01031494140625,between_stages
70.09770335408393,18.01031494140625,between_stages
70.14781929599121,18.01031494140625,between_stages
70.19793013308663,18.01031494140625,between_stages
70.25150982500054,18.01031494140625,between_stages
70.30163876502775,18.01031494140625,between_stages
70.35176330106333,18.01031494140625,between_stages
70.4018836109899,18.01031494140625,between_stages
70.45199212804437,18.01031494140625,between_stages
70.5055255430052,18.01031494140625,between_stages
70.55564189399593,18.01031494140625,between_stages
70.60576206608675,18.01031494140625,between_stages
70.65587832708843,18.01031494140625,between_stages
70.70598646905273,18.01031494140625,between_stages
70.75958806008566,18.01031494140625,between_stages
70.80971131601837,18.01031494140625,between_stages
70.85984032705892,18.01031494140625,between_stages
70.90997108409647,18.01031494140625,between_stages
70.96008046006318,18.01031494140625,between_stages
71.01366684399545,18.01031494140625,between_stages
71.06378666206729,18.01031494140625,between_stages
71.11390320700593,18.01031494140625,between_stages
71.16401471407153,18.01031494140625,between_stages
71.21412315405905,18.01031494140625,between_stages
71.2704491619952,18.01031494140625,between_stages
71.32056762801949,18.01031494140625,between_stages
71.3706844750559,18.01031494140625,between_stages
71.42079519608524,18.01031494140625,between_stages
71.47090347204357,18.01031494140625,between_stages
71.5246060420759,18.01031494140625,between_stages
71.57472144800704,18.01031494140625,between_stages
71.624866113998,18.01031494140625,between_stages
71.67497697100043,18.01031494140625,between_stages
71.7250837420579,18.01031494140625,between_stages
71.77834355307277,18.01031494140625,between_stages
71.82846055005211,18.01031494140625,between_stages
71.87857736705337,18.01031494140625,between_stages
71.9286899130093,18.01031494140625,between_stages
71.97879745904356,18.01031494140625,between_stages
72.03108071407769,18.01031494140625,between_stages
72.08119731000625,18.01031494140625,between_stages
72.13131515600253,18.01031494140625,between_stages
72.18142579204869,18.01031494140625,between_stages
72.23155116906855,18.01031494140625,between_stages
72.28166713099927,18.01031494140625,between_stages
72.3317812330788,18.01031494140625,between_stages
72.38189044303726,18.01031494140625,between_stages
72.43267618701793,18.01031494140625,between_stages
72.48278791503981,18.01031494140625,between_stages
72.53345891903155,18.01031494140625,between_stages
72.58356862107757,18.01031494140625,between_stages
72.63368338707369,18.01031494140625,between_stages
72.68379464908503,18.01031494140625,between_stages
72.7344638670329,18.01031494140625,between_stages
72.78871206508484,18.01031494140625,between_stages
72.83884242700879,18.01031494140625,between_stages
72.8889539380325,18.01031494140625,between_stages
72.93930117809214,18.01031494140625,between_stages
72.99336079205386,18.01031494140625,between_stages
73.04347140400205,18.01031494140625,between_stages
73.09358179906849,18.01031494140625,between_stages
73.1438430310227,18.01031494140625,between_stages
73.19779035402462,18.01031494140625,between_stages
73.24790163699072,18.01031494140625,between_stages
73.29801074205898,18.01031494140625,between_stages
73.34825563302729,18.01031494140625,between_stages
73.40233523701318,18.01031494140625,between_stages
73.45244643907063,18.01031494140625,between_stages
73.5025541750947,18.01031494140625,between_stages
73.55279224005062,18.01031494140625,between_stages
73.6069272380555,18.01031494140625,between_stages
73.65704502607696,18.01031494140625,between_stages
73.70715993200429,18.01031494140625,between_stages
73.75818202004302,18.01031494140625,between_stages
73.81232190399896,18.01031494140625,between_stages
73.86243177007418,18.01031494140625,between_stages
73.91254120110534,18.01031494140625,between_stages
73.96273039304651,18.01031494140625,between_stages
74.01675574004184,18.01031494140625,between_stages
74.06687588209752,18.01031494140625,between_stages
74.11698501906358,18.01031494140625,between_stages
74.16711803502403,18.01031494140625,between_stages
74.22108951909468,18.01031494140625,between_stages
74.27119807503186,18.01031494140625,between_stages
74.32130780199077,18.01031494140625,between_stages
74.37142224307172,18.01031494140625,between_stages
74.42154021910392,18.01031494140625,between_stages
74.47261019202415,18.01031494140625,between_stages
74.5227255030768,18.01031494140625,between_stages
74.57283758104313,18.01031494140625,between_stages
74.62295184109826,18.01031494140625,between_stages
74.67306260403711,18.01031494140625,between_stages
74.72316950501408,18.01031494140625,between_stages
74.77327808109112,18.01031494140625,between_stages
74.82338461303152,18.01031494140625,between_stages
74.87349399900995,18.01031494140625,between_stages
74.92363416601438,18.01031494140625,between_stages
74.97376344609074,18.01031494140625,between_stages
75.02388911903836,18.01031494140625,between_stages
75.07400453509763,18.01031494140625,between_stages
75.12413329107221,18.01031494140625,between_stages
75.17425251810346,18.01031494140625,between_stages
